repo_link,issue_count,pulls_count,fork_count,stars_count,branch_count,tags_count,commits_count,contrib_count,lang,topic
https://github.com/cryptocat/cryptocat,66.0,6.0,204.0,1.0,1,0,484.0,4,JavaScript,security
https://github.com/d4software/QueryTree,21.0,1.0,96.0,268.0,4,37,203.0,8,JavaScript,database
https://github.com/ais-one/cookbook,2.0,8.0,111.0,430.0,12,66,111.0,2,JavaScript,api
https://github.com/andresriancho/w3af,1.9,31.0,1.1,3.9,36,32,16934.0,64,Python,security
https://github.com/davisking/dlib,43.0,6.0,3.0,11.0,3,55,8044.0,160,C++,machine-learning
https://github.com/googlemaps/android-maps-utils,59.0,10.0,1.5,3.3,13,41,1077.0,78,Java,android
https://github.com/LEAGUE-OF-BME/InterviewFAQ,0.0,0.0,44.0,104.0,2,0,201.0,7,Python,machine-learning
https://github.com/kovinevmv/DigiSparkStealer,2.0,0.0,42.0,119.0,1,0,11.0,0,Python,security
https://github.com/muratcorlu/connect-api-mocker,8.0,16.0,19.0,248.0,20,19,129.0,16,JavaScript,api
https://github.com/LyfeOnEdge/HBUpdater,1.0,1.0,4.0,39.0,1,21,161.0,2,Python,api
https://github.com/Ashok-Varma/BottomNavigation,25.0,1.0,712.0,4.3,2,16,173.0,7,Java,android
https://github.com/systers/malaria-app-android,15.0,2.0,133.0,26.0,3,0,256.0,0,Java,android
https://github.com/jgcmarins/react-native-cryptocurrency,9.0,5.0,6.0,36.0,10,0,208.0,3,JavaScript,android
https://github.com/manosim/django-rest-framework-docs,56.0,19.0,186.0,616.0,5,10,355.0,18,Python,api
https://github.com/luojilab/DDComponentForAndroid,22.0,4.0,574.0,3.3,11,4,128.0,5,Java,android
https://github.com/google/fuzzbench,131.0,18.0,149.0,765.0,69,0,944.0,50,Python,security
https://github.com/victorqribeiro/hntitlenator,1.0,0.0,13.0,185.0,1,0,30.0,6,JavaScript,machine-learning
https://github.com/wasabeef/richeditor-android,199.0,4.0,1.1,5.7,3,5,170.0,15,Java,android
https://github.com/sakebook/Reachability,1.0,0.0,47.0,259.0,1,3,44.0,2,Java,android
https://github.com/zoff-music/zoff,9.0,12.0,8.0,56.0,32,27,4169.0,5,JavaScript,api
https://github.com/apache/pig,0.0,7.0,460.0,643.0,27,59,3701.0,11,Java,database
https://github.com/salman-bhai/hello-world,0.0,1.0,70.0,44.0,1,0,254.0,86,Python,android
https://github.com/SpaceMadness/lunar-unity-console,25.0,2.0,102.0,718.0,9,54,1093.0,4,Java,android
https://github.com/vinhkhuc/JFastText,40.0,5.0,90.0,205.0,3,4,52.0,2,Java,machine-learning
https://github.com/syncthing/syncthing-android,119.0,3.0,289.0,1.9,6,403,2037.0,47,Java,android
https://github.com/jigar-sable/Android-Webview,0.0,0.0,8.0,14.0,1,0,36.0,2,Java,android
https://github.com/Azure/aml-workspace,2.0,0.0,9.0,22.0,1,36,226.0,8,Python,machine-learning
https://github.com/eversinc33/Papaya,0.0,0.0,9.0,12.0,1,0,12.0,4,Python,security
https://github.com/davideas/FlexibleAdapter,63.0,1.0,549.0,3.5,2,30,961.0,21,Java,android
https://github.com/simalexan/api-lambda-stripe-charge,3.0,8.0,14.0,62.0,9,0,69.0,5,JavaScript,api
https://github.com/benjaminfoo/OpenTriad,0.0,0.0,11.0,35.0,2,0,23.0,0,Java,android
https://github.com/lucyparsons/OpenOversight,153.0,17.0,65.0,204.0,31,28,1594.0,46,Python,database
https://github.com/CodingGay/BlackDex,14.0,0.0,658.0,3.1,1,6,92.0,4,C++,android
https://github.com/dpnishant/appmon,28.0,4.0,264.0,1.3,4,5,175.0,17,JavaScript,android
https://github.com/xinghongfei/LookLook,20.0,3.0,729.0,2.2,3,0,112.0,8,Java,android
https://github.com/datumbox/datumbox-framework,2.0,0.0,297.0,1.1,3,8,613.0,2,Java,machine-learning
https://github.com/HotBitmapGG/bilibili-android-client,9.0,0.0,1.5,4.4,3,21,488.0,2,Java,android
https://github.com/saifalfalah/tvdl-2,0.0,5.0,1.0,60.0,7,25,167.0,0,JavaScript,api
https://github.com/Coldcard/firmware,0.0,2.0,102.0,292.0,6,55,1417.0,26,Python,security
https://github.com/x64dbg/x64dbg,485.0,15.0,1.8,38.2,39,29,4824.0,92,C++,security
https://github.com/tiann/Leoric,0.0,0.0,356.0,1.2,1,0,21.0,5,Java,android
https://github.com/marshmallow-code/apispec,26.0,4.0,153.0,933.0,4,103,1504.0,68,Python,api
https://github.com/arcadefire/nice-spinner,53.0,8.0,434.0,2.7,5,18,106.0,13,Java,android
https://github.com/datawhalechina/fun-rec,1.0,0.0,378.0,1.2,1,0,228.0,10,Python,machine-learning
https://github.com/Miserlou/Zappa,606.0,97.0,1.3,11.8,83,122,2916.0,221,Python,api
https://github.com/IQTLabs/poseidon,1.0,1.0,116.0,351.0,3,100,6938.0,33,Python,machine-learning
https://github.com/gyoogle/tech-interview-for-developer,1.0,0.0,1.6,6.2,1,0,715.0,43,Java,database
https://github.com/LiquidPlayer/LiquidCore,48.0,7.0,108.0,869.0,7,33,537.0,7,C++,android
https://github.com/yuntan/mstdnp,0.0,0.0,0.0,0.0,1,2,19.0,0,Java,android
https://github.com/pytorch/tnt,24.0,7.0,196.0,1.4,4,3,156.0,33,Python,machine-learning
https://github.com/wisepythagoras/website-fingerprinting,0.0,0.0,22.0,54.0,1,0,9.0,3,Python,machine-learning
https://github.com/liangtongzhuo/blue-rest,0.0,0.0,4.0,8.0,1,0,56.0,0,JavaScript,api
https://github.com/kuhung/flask_vue_ML,0.0,7.0,21.0,75.0,10,0,29.0,3,JavaScript,machine-learning
https://github.com/BMW-InnovationLab/BMW-YOLOv4-Inference-API-GPU,0.0,0.0,69.0,265.0,4,1,36.0,4,Python,api
https://github.com/rodrigo-arenas/kafkaml-anomaly-detection,0.0,0.0,11.0,27.0,1,0,34.0,0,Python,machine-learning
https://github.com/fourTheorem/slic-watch,14.0,0.0,2.0,70.0,2,23,162.0,4,JavaScript,api
https://github.com/mamal72/telegram-github-search-bot,0.0,0.0,13.0,62.0,1,0,10.0,0,JavaScript,api
https://github.com/metowolf/qqwry.ipdb,2.0,0.0,29.0,172.0,1,0,33.0,3,JavaScript,database
https://github.com/nsidnev/fastapi-realworld-example-app,2.0,8.0,428.0,1.7,9,0,186.0,10,Python,api
https://github.com/serengil/deepface,2.0,1.0,753.0,3.3,1,0,733.0,18,Python,machine-learning
https://github.com/huggingface/tflite-android-transformers,11.0,1.0,54.0,257.0,1,0,38.0,2,Java,android
https://github.com/AnandaRauf/Si-Adek-Python-Keras,0.0,0.0,1.0,1.0,1,0,8.0,0,Python,machine-learning
https://github.com/offensive-terraform/offensive-terraform.github.io,0.0,0.0,3.0,31.0,2,0,61.0,0,JavaScript,security
https://github.com/anfederico/stockeye,2.0,0.0,37.0,153.0,1,0,15.0,0,Python,api
https://github.com/Destiner/blocksmith,7.0,0.0,65.0,195.0,1,7,22.0,0,Python,security
https://github.com/poloclub/cnn-explainer,0.0,0.0,934.0,5.9,3,4,280.0,4,JavaScript,machine-learning
https://github.com/sabinadams/aurora,1.0,0.0,4.0,103.0,1,4,121.0,4,JavaScript,database
https://github.com/rmariuzzo/markdown-swagger,3.0,0.0,10.0,68.0,2,5,17.0,0,JavaScript,api
https://github.com/znone/qtl,6.0,1.0,54.0,129.0,1,0,39.0,0,C++,database
https://github.com/intel/scikit-learn-intelex,39.0,46.0,101.0,423.0,58,18,1163.0,51,Python,machine-learning
https://github.com/pengyuantao/OnePush,1.0,1.0,225.0,1.4,3,1,82.0,4,Java,android
https://github.com/CorfuDB/CorfuDB,88.0,113.0,108.0,569.0,265,1,3180.0,53,Java,database
https://github.com/elnormous/ouzel,16.0,1.0,107.0,852.0,7,40,9369.0,7,C++,android
https://github.com/boybundit/linebot,3.0,5.0,92.0,198.0,5,13,248.0,10,JavaScript,api
https://github.com/manbearwiz/youtube-dl-server,27.0,8.0,252.0,598.0,5,1,64.0,4,Python,api
https://github.com/ncorbuk/Google-Chrome-Browser-Database-Hack,1.0,0.0,23.0,29.0,1,0,6.0,0,Python,database
https://github.com/anarkrypto/P2PoW,1.0,0.0,2.0,25.0,1,0,29.0,2,JavaScript,api
https://github.com/CorfuDB/corfudb-cloud,11.0,4.0,1.0,3.0,19,0,191.0,9,Java,database
https://github.com/piomin/sample-spring-microservices-advanced,4.0,1.0,116.0,136.0,4,0,13.0,0,Java,api
https://github.com/aquaflamingo/Shareable,1.0,0.0,20.0,65.0,1,1,9.0,0,Java,android
https://github.com/ulisesbocchio/jasypt-spring-boot,30.0,1.0,376.0,2.0,7,33,375.0,19,Java,security
https://github.com/ElementsProject/paypercall,4.0,1.0,10.0,137.0,1,5,23.0,0,JavaScript,api
https://github.com/Ramotion/circle-menu-android,7.0,0.0,273.0,1.8,2,0,81.0,8,Java,android
https://github.com/pycook/cmdb,18.0,19.0,165.0,424.0,20,5,285.0,9,Python,api
https://github.com/atlassian-api/atlassian-python-api,111.0,9.0,427.0,780.0,3,43,1400.0,174,Python,api
https://github.com/anthony-wang/CrabNet,11.0,0.0,10.0,40.0,3,1,32.0,3,Python,machine-learning
https://github.com/SerpentAI/SerpentAI,0.0,2.0,726.0,6.2,6,1,250.0,7,Python,machine-learning
https://github.com/HamedMasafi/Nut,9.0,2.0,60.0,217.0,8,2,461.0,7,C++,database
https://github.com/dvpermyakov/vr-sample-android,1.0,0.0,0.0,1.0,1,0,3.0,0,Java,android
https://github.com/bashu/django-easy-maps,5.0,1.0,53.0,133.0,3,19,232.0,20,Python,api
https://github.com/yhnavein/express-starter,7.0,0.0,58.0,213.0,2,0,1681.0,68,JavaScript,api
https://github.com/lmuffato/Project-arduino-thermistor-api-react,0.0,0.0,3.0,36.0,1,0,7.0,0,C++,api
https://github.com/Tierion/blockchain-anchor,1.0,2.0,15.0,33.0,3,1,60.0,3,JavaScript,api
https://github.com/teracyhq/flask-classful,20.0,2.0,114.0,196.0,3,15,376.0,0,Python,api
https://github.com/nitrite/nitrite-java,7.0,9.0,80.0,647.0,15,16,812.0,14,Java,database
https://github.com/scanapi/scanapi,41.0,9.0,68.0,1.2,10,27,508.0,46,Python,api
https://github.com/twisted/pydoctor,105.0,14.0,34.0,81.0,27,25,3279.0,27,Python,api
https://github.com/pzinsta/pizzeria,0.0,0.0,24.0,36.0,2,0,159.0,0,Java,security
https://github.com/apigee/edge-launchpad,11.0,0.0,6.0,8.0,12,0,173.0,3,JavaScript,api
https://github.com/microsoft/Windows-Machine-Learning,12.0,11.0,370.0,796.0,85,18,1427.0,44,C++,machine-learning
https://github.com/jisungk/deepjazz,9.0,3.0,435.0,2.8,2,0,23.0,0,Python,machine-learning
https://github.com/arnoob16/GeeksForGeeksAPI,2.0,1.0,6.0,21.0,1,0,20.0,4,Python,api
https://github.com/authorjapps/zerocode,70.0,20.0,228.0,592.0,49,84,1361.0,44,Java,api
https://github.com/donnemartin/data-science-ipython-notebooks,10.0,12.0,7.0,22.5,2,0,543.0,12,Python,machine-learning
https://github.com/Nekos-moe/api,1.0,3.0,8.0,29.0,2,0,61.0,2,JavaScript,api
https://github.com/outflanknl/RedELK,29.0,1.0,305.0,1.8,3,15,949.0,9,Python,security
https://github.com/florent37/ViewAnimator,23.0,2.0,431.0,2.7,2,4,101.0,8,Java,android
https://github.com/green-arrow/react-firestore,15.0,22.0,23.0,229.0,22,18,52.0,11,JavaScript,database
https://github.com/vuefront/wordpress,3.0,10.0,24.0,102.0,12,6,120.0,3,JavaScript,api
https://github.com/expo/expo-phaser,4.0,1.0,24.0,202.0,2,0,58.0,4,JavaScript,android
https://github.com/Puliczek/CVE-2021-44228-PoC-log4j-bypass-words,0.0,0.0,111.0,704.0,1,0,18.0,2,Java,security
https://github.com/aegroto/JMEAndroidTemplate,0.0,1.0,5.0,10.0,1,0,57.0,4,Java,android
https://github.com/honzajavorek/schedule-tweet,1.0,0.0,1.0,15.0,1,1,39.0,3,Python,api
https://github.com/luckydonald/teleflask,3.0,1.0,7.0,40.0,3,34,163.0,0,Python,api
https://github.com/spring-cloud-samples/sample-zuul-filters,5.0,6.0,90.0,211.0,2,1,9.0,2,Java,api
https://github.com/mgks/Android-SmartWebView,78.0,1.0,229.0,423.0,2,6,357.0,10,Java,android
https://github.com/Lu-Yi-Hsun/iqoptionapi,189.0,2.0,468.0,329.0,2,18,383.0,0,Python,api
https://github.com/code4craft/webmagic,289.0,32.0,4.1,10.3,29,25,1134.0,42,Java,api
https://github.com/aryaminus/RN-firechat,0.0,0.0,58.0,78.0,5,4,56.0,2,JavaScript,android
https://github.com/mosra/magnum-plugins,3.0,10.0,50.0,84.0,11,19,2472.0,24,C++,android
https://github.com/r9y9/deepvoice3_pytorch,38.0,3.0,428.0,1.7,3,6,219.0,13,Python,machine-learning
https://github.com/gram-ai/capsule-networks,21.0,2.0,328.0,1.6,1,0,20.0,4,Python,machine-learning
https://github.com/nccgroup/tracy,5.0,3.0,65.0,497.0,4,13,740.0,9,JavaScript,security
https://github.com/maximdanilchenko/aiohttp-apispec,20.0,4.0,49.0,188.0,5,19,312.0,24,Python,api
https://github.com/sidorares/node-mysql2,307.0,48.0,421.0,2.9,49,96,2007.0,145,JavaScript,database
https://github.com/Viralmaniar/Passhunt,2.0,4.0,173.0,1.1,1,1,30.0,0,Python,security
https://github.com/DanielArturoAlejoAlvarez/Strategy,0.0,0.0,1.0,5.0,1,0,4.0,0,JavaScript,database
https://github.com/apache/metamodel,0.0,3.0,142.0,150.0,8,41,893.0,34,Java,database
https://github.com/h6ah4i/android-advancedrecyclerview,191.0,1.0,886.0,5.2,15,30,673.0,17,Java,android
https://github.com/sambasallah/eshop,1.0,7.0,25.0,25.0,6,0,163.0,0,JavaScript,api
https://github.com/burgerbuds/swiff,4.0,9.0,4.0,89.0,12,23,174.0,8,JavaScript,database
https://github.com/Dobiasd/frugally-deep,10.0,0.0,198.0,838.0,10,70,1455.0,22,C++,machine-learning
https://github.com/ourownstory/neural_prophet,73.0,14.0,266.0,2.1,17,11,850.0,19,Python,machine-learning
https://github.com/scikit-activeml/scikit-activeml,29.0,0.0,3.0,44.0,28,3,937.0,10,Python,machine-learning
https://github.com/ani8897/Human-Activity-Recognition,2.0,0.0,37.0,68.0,1,0,8.0,0,Python,machine-learning
https://github.com/huoyijie/AdvancedEAST,79.0,1.0,383.0,1.2,1,0,41.0,0,Python,machine-learning
https://github.com/PennyLaneAI/pennylane,116.0,53.0,353.0,1.2,163,31,2400.0,92,Python,machine-learning
https://github.com/Altimis/Scweet,41.0,0.0,86.0,331.0,1,13,204.0,10,Python,api
https://github.com/vendia/serverless-express,48.0,5.0,594.0,4.3,14,64,393.0,41,JavaScript,api
https://github.com/Automattic/wp-api-console,15.0,2.0,20.0,60.0,5,0,114.0,10,JavaScript,api
https://github.com/Esri/arcgis-runtime-samples-android,13.0,0.0,1.2,578.0,5,46,3215.0,28,Java,android
https://github.com/john-hawkins/projit,0.0,0.0,1.0,2.0,1,10,69.0,2,Python,machine-learning
https://github.com/scikit-learn-contrib/imbalanced-learn,39.0,14.0,1.2,5.7,9,29,765.0,60,Python,machine-learning
https://github.com/adamhalasz/diet,15.0,5.0,35.0,397.0,1,19,267.0,5,JavaScript,api
https://github.com/ldo/ti5x_android,0.0,0.0,14.0,17.0,1,7,492.0,0,Java,android
https://github.com/aiogram/aiogram,55.0,28.0,451.0,2.4,26,75,1640.0,103,Python,api
https://github.com/vzhong/dashboard,0.0,0.0,15.0,143.0,1,0,52.0,3,JavaScript,machine-learning
https://github.com/Trail-Blaze/dynamite-core,4.0,0.0,7.0,13.0,2,13,345.0,8,JavaScript,api
https://github.com/gilesknap/gphotos-sync,38.0,2.0,109.0,1.3,5,31,622.0,29,Python,api
https://github.com/lynnaloo/mullet,1.0,12.0,40.0,194.0,13,0,242.0,14,JavaScript,api
https://github.com/fabsig/GPBoost,3.0,0.0,28.0,295.0,1,8,419.0,3,C++,machine-learning
https://github.com/jgvaraujo/ml-deployment-on-gcloud,0.0,0.0,4.0,24.0,1,0,49.0,0,Python,machine-learning
https://github.com/Devlight/NavigationTabBar,62.0,1.0,877.0,4.9,1,13,88.0,7,Java,android
https://github.com/sonata-nfv/son-security-pilot,29.0,0.0,12.0,0.0,3,0,972.0,11,Python,security
https://github.com/xuexiangjys/XUI,3.0,0.0,661.0,3.7,3,20,616.0,0,Java,android
https://github.com/tiny-dnn/tiny-dnn,278.0,26.0,1.4,5.5,13,6,1012.0,74,C++,machine-learning
https://github.com/maxtepkeev/architect,25.0,4.0,53.0,353.0,1,12,211.0,10,Python,database
https://github.com/yixianle/google-translate,7.0,0.0,101.0,380.0,1,0,38.0,0,JavaScript,api
https://github.com/developerpaaji/GitMessenger,3.0,0.0,23.0,81.0,1,0,11.0,3,JavaScript,api
https://github.com/0xbug/SQLiScanner,17.0,1.0,287.0,699.0,1,0,40.0,0,Python,api
https://github.com/LithApp/Lith,18.0,1.0,4.0,27.0,29,77,484.0,3,C++,android
https://github.com/1998lixin/WeChat-database,3.0,0.0,127.0,264.0,2,0,7.0,0,Java,database
https://github.com/jakob-grabner/Circle-Progress-View,27.0,1.0,245.0,1.2,2,15,142.0,8,Java,android
https://github.com/indreklasn/graphql-nodejs-hapi-api,2.0,10.0,36.0,116.0,9,0,5.0,0,JavaScript,api
https://github.com/mukeshsolanki/country-picker-android,3.0,1.0,138.0,324.0,1,14,123.0,6,Java,android
https://github.com/khcr/rj-app,0.0,0.0,0.0,0.0,4,1,209.0,2,JavaScript,android
https://github.com/1024-lab/smart-admin,5.0,10.0,526.0,1.5,11,2,44.0,3,Java,api
https://github.com/siemens/embb,7.0,1.0,38.0,166.0,23,11,1050.0,10,C++,api
https://github.com/spokestack/spokestack-python,0.0,0.0,11.0,130.0,1,8,123.0,6,Python,machine-learning
https://github.com/loretoparisi/word2vec-twitter,0.0,0.0,8.0,43.0,1,0,7.0,0,Python,machine-learning
https://github.com/saulmm/CoordinatorExamples,4.0,1.0,303.0,1.3,1,0,30.0,0,Java,android
https://github.com/hcq0618/Android-CleanResources,0.0,0.0,2.0,13.0,1,0,41.0,0,Python,android
https://github.com/jnikula/hawkmoth,3.0,3.0,6.0,35.0,2,9,292.0,3,Python,api
https://github.com/tensorlang/tensorlang,14.0,0.0,20.0,298.0,1,0,91.0,3,Python,machine-learning
https://github.com/StarryBlueSky/Twispy,0.0,0.0,1.0,16.0,1,0,58.0,0,Python,api
https://github.com/bareos/bareos,0.0,31.0,229.0,734.0,60,105,9601.0,121,C++,security
https://github.com/djkcyl/ABot-Graia,2.0,0.0,20.0,107.0,1,0,2.0,8,Python,api
https://github.com/akraskovski/product-management-system,0.0,0.0,10.0,10.0,4,1,626.0,0,Java,security
https://github.com/DLTK/DLTK,7.0,4.0,397.0,1.3,5,3,379.0,6,Python,machine-learning
https://github.com/Bellspringsteen/OurCamera,2.0,1.0,37.0,376.0,1,0,17.0,2,Python,machine-learning
https://github.com/trulymittal/API-Authentication-NodeJs,0.0,5.0,65.0,128.0,6,0,9.0,3,JavaScript,api
https://github.com/Alexis-benoist/eralchemy,28.0,13.0,98.0,888.0,2,25,260.0,13,Python,database
https://github.com/bailabs/tailpos,18.0,5.0,154.0,309.0,9,94,398.0,9,JavaScript,android
https://github.com/driemworks/driemworks-ar,1.0,1.0,7.0,17.0,1,0,72.0,2,Java,android
https://github.com/metarhia/impress,29.0,2.0,108.0,789.0,38,40,2118.0,33,JavaScript,api
https://github.com/ladjs/api,0.0,0.0,3.0,4.0,1,110,250.0,3,JavaScript,api
https://github.com/Narasimha1997/smartreply,1.0,0.0,8.0,53.0,2,0,13.0,0,C++,android
https://github.com/yoomoney/db-queue,4.0,0.0,29.0,160.0,2,53,323.0,13,Java,database
https://github.com/hootnot/oanda-api-v20,2.0,3.0,101.0,349.0,6,20,560.0,4,Python,api
https://github.com/JKHeadley/appy-backend,1.0,16.0,30.0,101.0,18,0,255.0,4,JavaScript,api
https://github.com/chonyy/AI-basketball-analysis,6.0,3.0,131.0,710.0,4,0,88.0,4,Python,machine-learning
https://github.com/qinci/MarkdownEditors,11.0,0.0,288.0,1.4,1,1,39.0,2,Java,android
https://github.com/JohnnyTheTank/apiNG,2.0,0.0,24.0,134.0,2,34,588.0,6,JavaScript,api
https://github.com/corgicode/public-example-apis,0.0,2.0,21.0,14.0,2,0,1656.0,0,Python,api
https://github.com/sas-fossdev/saspes,18.0,21.0,7.0,8.0,65,26,458.0,10,JavaScript,api
https://github.com/toniov/gcal-cli,3.0,5.0,29.0,261.0,6,4,23.0,4,JavaScript,api
https://github.com/xerial/sqlite-jdbc,208.0,22.0,464.0,2.0,37,46,1206.0,95,Java,database
https://github.com/phax/ph-commons,0.0,0.0,13.0,23.0,2,93,3097.0,4,Java,security
https://github.com/crazyhitty/firebase-chat,8.0,0.0,55.0,111.0,1,0,10.0,0,Java,android
https://github.com/kabirvirji/singlespotify,0.0,6.0,13.0,256.0,7,17,89.0,2,JavaScript,api
https://github.com/phillipdupuis/dtale-desktop,4.0,0.0,15.0,147.0,5,5,37.0,0,Python,api
https://github.com/uber/neuropod,38.0,8.0,71.0,889.0,27,14,446.0,13,C++,machine-learning
https://github.com/alphacep/vosk-api,175.0,16.0,566.0,3.1,1,18,395.0,19,C++,android
https://github.com/l3lackcurtains/Optical-Character-Recognition-using-CNN-KNN-SVM-RF,0.0,0.0,4.0,12.0,1,0,17.0,0,Python,machine-learning
https://github.com/petuum/adaptdl,16.0,3.0,40.0,275.0,12,10,109.0,13,Python,machine-learning
https://github.com/krishnanunnir/rmm,3.0,1.0,12.0,54.0,2,0,34.0,3,Python,api
https://github.com/danwallach/github-classroom-utils,0.0,0.0,15.0,56.0,1,0,43.0,2,Python,api
https://github.com/LanternPowered/Lantern,9.0,6.0,11.0,108.0,18,0,794.0,5,Java,api
https://github.com/jesperorb/json-server-heroku,0.0,1.0,311.0,418.0,2,0,27.0,4,JavaScript,api
https://github.com/microsoft/nni,264.0,32.0,1.6,11.1,46,42,2513.0,153,Python,machine-learning
https://github.com/flipkart-incubator/proteus,4.0,1.0,181.0,1.2,3,16,1121.0,8,Java,android
https://github.com/SajidAnTechie/ShopPoint,0.0,0.0,73.0,179.0,1,2,142.0,0,JavaScript,api
https://github.com/szad670401/HyperLandmark,30.0,0.0,524.0,1.5,1,0,85.0,6,C++,android
https://github.com/twirl/The-API-Book,0.0,0.0,21.0,368.0,1,0,179.0,6,JavaScript,api
https://github.com/Abdizriel/nodejs-microservice-starter,3.0,1.0,52.0,232.0,2,2,69.0,2,JavaScript,api
https://github.com/crazycodeboy/TakePhoto,419.0,4.0,1.5,7.2,6,15,162.0,6,Java,android
https://github.com/open-metadata/OpenMetadata,328.0,28.0,115.0,752.0,66,17,1896.0,50,Java,api
https://github.com/sawickiap/WinFontRender,0.0,0.0,2.0,32.0,1,1,31.0,0,C++,api
https://github.com/florent37/MaterialViewPager,180.0,3.0,1.5,8.2,5,12,311.0,22,Java,android
https://github.com/Finnhub-Stock-API/finnhub-python,18.0,0.0,49.0,272.0,2,0,66.0,6,Python,api
https://github.com/skydiver/ewelink-api,61.0,13.0,71.0,189.0,11,5,51.0,8,JavaScript,api
https://github.com/smallcham/sec-admin,8.0,5.0,83.0,373.0,7,0,40.0,0,Python,security
https://github.com/santdas36/amazon-ish,0.0,0.0,10.0,32.0,1,0,26.0,0,JavaScript,api
https://github.com/nisrulz/android-examples,6.0,0.0,656.0,1.6,7,0,837.0,6,Java,android
https://github.com/anyrtcIO-Community/anyRTC-RTMP-OpenSource,55.0,0.0,1.5,3.9,3,1,181.0,11,C++,android
https://github.com/KeepSafe/TapTargetView,45.0,3.0,574.0,5.1,2,23,159.0,26,Java,android
https://github.com/lopusz/awesome-interpretable-machine-learning,1.0,0.0,132.0,809.0,2,0,86.0,8,Python,machine-learning
https://github.com/snipcart/snipcart-wordpress-react,0.0,0.0,8.0,63.0,1,0,11.0,3,JavaScript,api
https://github.com/wechat-miniprogram/miniprogram-demo,23.0,3.0,1.8,5.3,1,0,59.0,6,JavaScript,api
https://github.com/DanielAndreasen/pyStar,0.0,0.0,0.0,4.0,1,0,76.0,2,Python,machine-learning
https://github.com/tushar8848/DOT7,0.0,0.0,7.0,12.0,1,0,258.0,6,Java,android
https://github.com/akimach/EsotericTensorFlow,1.0,0.0,7.0,39.0,1,0,11.0,0,Python,machine-learning
https://github.com/jiajunhui/PlayerBase,13.0,2.0,439.0,2.8,2,18,381.0,4,Java,android
https://github.com/raamana/kernelmethods,5.0,1.0,12.0,37.0,6,4,397.0,0,Python,machine-learning
https://github.com/siddiqus/expressive,2.0,1.0,3.0,25.0,2,1,388.0,4,JavaScript,api
https://github.com/yezyilomo/django-restql,16.0,0.0,36.0,511.0,2,41,687.0,4,Python,api
https://github.com/PeterL1n/RobustVideoMatting,33.0,2.0,606.0,5.3,6,1,32.0,4,Python,machine-learning
https://github.com/HomeMadePy/messages,1.0,0.0,12.0,37.0,1,0,416.0,7,Python,api
https://github.com/fail2ban/fail2ban,104.0,72.0,1.0,6.9,28,226,5675.0,202,Python,security
https://github.com/HarryHarcourt/Ansible-RHEL7-CIS-Benchmarks,2.0,0.0,75.0,97.0,1,0,89.0,8,Python,security
https://github.com/CharmingDays/kurusaki_voice,4.0,1.0,146.0,61.0,2,0,125.0,4,Python,api
https://github.com/LostStarTvT/PhoneCall,5.0,0.0,26.0,86.0,1,2,19.0,0,Java,android
https://github.com/felipessalvatore/MyTwitterBot,2.0,0.0,8.0,22.0,2,0,25.0,0,Python,machine-learning
https://github.com/NHowll/ROMP-VR-INTEGRATION,0.0,0.0,0.0,0.0,1,0,30.0,0,C++,machine-learning
https://github.com/SceneView/sceneform-android,28.0,4.0,70.0,302.0,5,45,311.0,16,Java,android
https://github.com/Piroro-hs/react-native-twitter,12.0,3.0,20.0,42.0,3,3,31.0,0,JavaScript,api
https://github.com/helicalinsight/helicalinsight,1.0,11.0,84.0,230.0,9,0,45.0,0,Java,database
https://github.com/twitterdev/Gnip-Insights-Interface,3.0,1.0,21.0,22.0,2,0,12.0,2,Python,api
https://github.com/gruns/ImmortalDB,11.0,19.0,63.0,3.0,17,1,154.0,11,JavaScript,database
https://github.com/wework/json-schema-to-openapi-schema,8.0,5.0,31.0,186.0,5,3,63.0,4,JavaScript,api
https://github.com/guiromao/Thanker,0.0,0.0,0.0,1.0,1,0,2.0,0,Java,android
https://github.com/arosh/BM25Transformer,1.0,0.0,4.0,46.0,1,0,4.0,0,Python,machine-learning
https://github.com/rtcatc/Packer-Fuzzer,13.0,0.0,165.0,1.2,1,4,82.0,5,Python,security
https://github.com/nowsecure/cybertruckchallenge19,0.0,0.0,20.0,80.0,1,0,19.0,2,Java,android
https://github.com/alibaba/innodb-java-reader,7.0,2.0,83.0,297.0,4,10,129.0,8,Java,database
https://github.com/EducationalTestingService/skll,29.0,3.0,65.0,527.0,17,71,3575.0,23,Python,machine-learning
https://github.com/uber/orbit,57.0,3.0,87.0,1.3,29,20,785.0,17,Python,machine-learning
https://github.com/DIY-Blub/PyDictDatabase,0.0,0.0,0.0,1.0,1,0,28.0,0,Python,database
https://github.com/wandb/client,243.0,126.0,300.0,3.7,280,96,4450.0,90,Python,machine-learning
https://github.com/prabhuomkar/frisky,0.0,0.0,10.0,166.0,1,0,33.0,3,JavaScript,api
https://github.com/haifengl/smile,9.0,0.0,1.1,5.5,9,27,3004.0,55,Java,machine-learning
https://github.com/Julesssss/BirthdayReminder,1.0,2.0,11.0,29.0,4,6,210.0,0,Java,database
https://github.com/google/coding-with-chrome-libraries,1.0,7.0,10.0,18.0,8,0,38.0,0,JavaScript,api
https://github.com/leoChaoGlut/machine-learning-practice,0.0,0.0,26.0,10.0,1,0,40.0,0,Python,machine-learning
https://github.com/albertogasparin/external-video-player-addon,3.0,0.0,0.0,11.0,1,0,4.0,0,JavaScript,android
https://github.com/jindongwang/transferlearning,5.0,0.0,3.1,8.8,2,0,962.0,30,Python,machine-learning
https://github.com/AYIDouble/BMI-Calculator-Android-Java-App,0.0,1.0,7.0,9.0,2,0,26.0,2,Java,android
https://github.com/bbfamily/abu,0.0,1.0,3.2,8.8,1,2,66.0,2,Python,machine-learning
https://github.com/jaywcjlove/store.js,4.0,8.0,128.0,382.0,11,24,189.0,5,JavaScript,api
https://github.com/jsososo/QQMusicApi,16.0,1.0,194.0,732.0,2,0,109.0,8,JavaScript,api
https://github.com/wgzhao/Addax,6.0,6.0,167.0,604.0,9,30,986.0,15,Java,database
https://github.com/neuml/txtai,1.0,0.0,170.0,1.7,2,18,646.0,5,Python,machine-learning
https://github.com/cymcsg/UltimateRecyclerView,183.0,1.0,1.5,7.2,6,16,764.0,12,Java,android
https://github.com/iboxdb/forjava,0.0,0.0,13.0,62.0,2,16,120.0,2,Java,database
https://github.com/felHR85/UsbSerial,102.0,4.0,502.0,1.4,9,34,422.0,24,Java,android
https://github.com/weidongjian/androidWheelView,15.0,1.0,255.0,1.3,1,5,103.0,6,Java,android
https://github.com/JPCERTCC/aa-tools,2.0,0.0,89.0,405.0,1,0,42.0,11,Python,security
https://github.com/Sacry/mla_sani,0.0,0.0,2.0,7.0,1,0,9.0,0,Python,machine-learning
https://github.com/fennifith/Alarmio,58.0,4.0,89.0,293.0,5,16,487.0,13,Java,android
https://github.com/sktime/sktime-dl,17.0,5.0,77.0,530.0,16,1,488.0,9,Python,machine-learning
https://github.com/jowsey/discord.js-menu,4.0,4.0,21.0,122.0,3,7,50.0,3,JavaScript,api
https://github.com/J2TeamNNL/J2Team-Community,0.0,0.0,228.0,199.0,2,0,317.0,2,JavaScript,api
https://github.com/orientechnologies/orientdb,211.0,1.0,849.0,4.4,33,191,20923.0,135,Java,database
https://github.com/pymike00/The-Complete-Guide-To-DRF-and-VueJS,0.0,5.0,51.0,107.0,7,0,57.0,0,Python,api
https://github.com/hidroh/materialistic,406.0,15.0,494.0,2.2,1,67,1735.0,10,Java,android
https://github.com/google-research/morph-net,11.0,13.0,146.0,976.0,78,0,123.0,14,Python,machine-learning
https://github.com/akoury/ml-helper,0.0,0.0,0.0,10.0,1,0,30.0,2,Python,machine-learning
https://github.com/t0thkr1s/revshellgen,2.0,1.0,67.0,251.0,1,3,37.0,4,Python,security
https://github.com/agateau/pixelwheels,32.0,1.0,32.0,238.0,9,26,2627.0,10,Java,android
https://github.com/kartik-v/bootstrap-fileinput,6.0,0.0,2.4,5.1,3,86,1246.0,124,JavaScript,api
https://github.com/kenakamu/LINESimulator,2.0,3.0,33.0,116.0,4,4,60.0,5,JavaScript,api
https://github.com/dlamli/ulacitbnb,0.0,0.0,1.0,1.0,1,1,42.0,4,JavaScript,api
https://github.com/JosephZhu1983/java-common-mistakes,0.0,1.0,493.0,1.1,1,0,61.0,2,Java,security
https://github.com/RohanTalip/VectorDrawable2Svg,1.0,0.0,14.0,50.0,1,0,21.0,2,Python,android
https://github.com/MikeKovarik/flexus,0.0,0.0,0.0,1.0,1,0,26.0,0,JavaScript,android
https://github.com/srevinsaju/guiscrcpy,14.0,2.0,138.0,1.5,102,56,1315.0,16,Python,android
https://github.com/bitterendio/wyvern,9.0,0.0,7.0,43.0,1,0,163.0,2,JavaScript,api
https://github.com/localazy/DNS66-localazy,0.0,0.0,0.0,3.0,1,0,2.0,0,Java,android
https://github.com/kshitiz1007/Lets-Chat,7.0,1.0,65.0,118.0,1,0,12.0,0,Java,database
https://github.com/D4Vinci/Chrome-Extractor,0.0,0.0,30.0,49.0,1,0,4.0,0,Python,database
https://github.com/alimghmi/pyhera,0.0,0.0,0.0,3.0,1,0,26.0,0,Python,database
https://github.com/niftylettuce/frisbee,1.0,0.0,71.0,1.1,2,53,271.0,20,JavaScript,api
https://github.com/PicardParis/cherry-on-py,0.0,0.0,5.0,51.0,1,0,16.0,2,Python,machine-learning
https://github.com/unixfox/pupflare,4.0,1.0,20.0,76.0,1,0,31.0,3,JavaScript,api
https://github.com/cleanunicorn/karl,7.0,13.0,54.0,183.0,77,39,225.0,7,Python,security
https://github.com/sameerkumar18/corporate-bs-generator-api,1.0,0.0,10.0,168.0,1,0,15.0,0,JavaScript,api
https://github.com/asingh33/CNNGestureRecognizer,4.0,4.0,341.0,844.0,5,3,64.0,4,Python,machine-learning
https://github.com/jo0ger/node-server,0.0,25.0,5.0,19.0,34,14,252.0,0,JavaScript,api
https://github.com/OXOYO/X-RESTful-API-Generator-Koa,0.0,0.0,1.0,18.0,1,0,46.0,0,JavaScript,api
https://github.com/Esri/workflowmanager-dashboard-samples,0.0,0.0,1.0,2.0,1,0,28.0,2,JavaScript,api
https://github.com/saleor/saleor,195.0,30.0,4.4,15.3,116,235,19413.0,193,Python,api
https://github.com/developmentseed/titiler,10.0,0.0,64.0,277.0,10,39,365.0,23,Python,api
https://github.com/tombulled/innertube,1.0,0.0,3.0,29.0,2,0,139.0,0,Python,api
https://github.com/apache/santuario-java,0.0,2.0,36.0,23.0,13,65,2922.0,4,Java,security
https://github.com/brannondorsey/host-validation,2.0,0.0,16.0,187.0,1,5,24.0,3,JavaScript,security
https://github.com/thatcherclough/BetterBackdoor,0.0,0.0,79.0,247.0,2,18,59.0,2,Java,security
https://github.com/ines/spacy-js,6.0,14.0,20.0,133.0,14,4,56.0,0,JavaScript,api
https://github.com/zhulinn/SpringBoot-Angular7-Online-Shopping-Store,3.0,0.0,215.0,215.0,3,0,13.0,0,Java,security
https://github.com/aliyun/aliyun-tablestore-java-sdk,9.0,6.0,22.0,45.0,9,5,80.0,5,Java,database
https://github.com/t4t5/november-cli,2.0,0.0,10.0,51.0,1,4,25.0,2,JavaScript,database
https://github.com/xamarin/docs-archive,1.0,0.0,1.6,563.0,1,0,283.0,19,Java,android
https://github.com/moo611/opencamera-for-android,15.0,0.0,39.0,134.0,1,7,51.0,2,Java,android
https://github.com/tensorflow/compression,2.0,0.0,209.0,582.0,1,14,199.0,8,Python,machine-learning
https://github.com/roman-sachenko/boilerplate-express-entity-based,13.0,0.0,3.0,9.0,7,3,123.0,0,JavaScript,api
https://github.com/boztek/ember-data-drupal,3.0,3.0,2.0,10.0,2,11,38.0,3,JavaScript,api
https://github.com/DimiMikadze/firebase-react-native-redux-starter,3.0,0.0,39.0,169.0,1,0,23.0,2,JavaScript,android
https://github.com/PeptoneInc/dspp-keras,0.0,0.0,17.0,159.0,3,5,76.0,2,Python,machine-learning
https://github.com/tatumio/tatum-cli,2.0,0.0,11.0,65.0,3,0,26.0,3,JavaScript,api
https://github.com/seungeunrho/minimalRL,13.0,5.0,327.0,2.1,1,0,89.0,4,Python,machine-learning
https://github.com/Hitomis/FunGameRefresh,2.0,0.0,196.0,1.3,1,0,100.0,2,Java,android
https://github.com/XunMengWinter/CircularAnim,4.0,0.0,315.0,2.0,1,15,107.0,3,Java,android
https://github.com/Hyperiooo/BitShift,0.0,0.0,0.0,2.0,1,0,141.0,0,JavaScript,android
https://github.com/eth0izzle/shhgit,22.0,8.0,441.0,3.4,2,2,65.0,16,JavaScript,api
https://github.com/m3710/MercuriusFork,0.0,0.0,281.0,0.0,32,61,1812.0,0,Java,android
https://github.com/yashha/wp-nuxt,2.0,25.0,18.0,206.0,29,31,221.0,5,JavaScript,api
https://github.com/yahoo/fetchr,5.0,0.0,88.0,442.0,3,87,514.0,39,JavaScript,api
https://github.com/devAmoghS/Machine-Learning-with-Python,0.0,1.0,169.0,962.0,4,0,135.0,3,Python,machine-learning
https://github.com/BraianMendes/study_Frontend-Notebook,0.0,23.0,1.0,1.0,24,0,310.0,2,JavaScript,api
https://github.com/stanvanrooy/instauto,10.0,0.0,27.0,75.0,11,32,336.0,17,Python,api
https://github.com/zoontek/react-native-localize,3.0,0.0,184.0,1.7,1,36,334.0,26,C++,android
https://github.com/cocos2d/cocos2d-x,1.4,192.0,7.0,15.9,7,98,37358.0,625,C++,android
https://github.com/siesgstarena/epicentre-android,0.0,0.0,6.0,5.0,1,0,3.0,3,Java,android
https://github.com/imranhsayed/google-maps-in-react,2.0,15.0,77.0,148.0,16,0,53.0,2,JavaScript,api
https://github.com/hectahertz/react-native-typography,11.0,8.0,121.0,3.3,7,8,51.0,10,JavaScript,android
https://github.com/omercelik-cs/facial-attractiveness-analysis,0.0,1.0,3.0,4.0,1,0,15.0,0,Python,machine-learning
https://github.com/IntelLabs/control-flag,13.0,4.0,94.0,1.0,3,1,33.0,3,C++,machine-learning
https://github.com/jgcmarins/graphql-ufc-api,0.0,5.0,5.0,26.0,8,0,130.0,3,JavaScript,api
https://github.com/benc-uk/chatr,0.0,0.0,9.0,48.0,3,4,77.0,0,JavaScript,api
https://github.com/uwdata/arquero,19.0,2.0,34.0,712.0,1,40,431.0,13,JavaScript,database
https://github.com/labteral/bluebird,1.0,0.0,8.0,32.0,1,0,39.0,4,Python,api
https://github.com/apple/turicreate,474.0,18.0,1.1,10.6,3,30,1571.0,73,C++,machine-learning
https://github.com/yuyakaido/CardStackView,91.0,3.0,397.0,1.9,3,16,387.0,7,Java,android
https://github.com/rayworks/DroidCast,0.0,0.0,43.0,131.0,2,0,108.0,0,Java,android
https://github.com/KhronosGroup/Vulkan-Samples,18.0,6.0,295.0,2.2,5,0,283.0,48,C++,api
https://github.com/SleepingPanda/contain-reddit,0.0,0.0,50.0,13.0,1,0,52.0,0,JavaScript,security
https://github.com/nolia/Noodle,2.0,0.0,12.0,55.0,3,3,93.0,0,Java,database
https://github.com/oslabs-beta/miraql,4.0,0.0,10.0,103.0,6,0,190.0,5,JavaScript,api
https://github.com/cosmojg/open-coinomi-android,0.0,0.0,51.0,33.0,1,0,599.0,26,Java,android
https://github.com/MathBunny/strava-wind-analysis-ml,2.0,1.0,0.0,5.0,4,0,53.0,0,Python,machine-learning
https://github.com/szad670401/HyperLPR,60.0,9.0,1.8,4.5,11,0,252.0,18,C++,android
https://github.com/MASIJUN99/SimpleLoginSystem,1.0,0.0,0.0,3.0,2,0,7.0,0,Java,security
https://github.com/4GeeksAcademy/flask-rest-hello,2.0,0.0,126.0,31.0,3,1,169.0,7,Python,api
https://github.com/codermother/Amazon-Clone,0.0,0.0,4.0,35.0,1,0,12.0,0,JavaScript,api
https://github.com/Discord4J/Discord4J,34.0,8.0,248.0,1.4,14,96,3699.0,77,Java,api
https://github.com/ZaraclaJ/audio_recorder,32.0,3.0,124.0,171.0,1,0,61.0,9,Java,android
https://github.com/derwentx/wp-api-python,4.0,0.0,90.0,122.0,1,9,192.0,0,Python,api
https://github.com/DylanAllen/noiiice,0.0,25.0,8.0,42.0,29,0,90.0,5,JavaScript,api
https://github.com/LukaszMalucha/Project-Dashboard-with-Django,0.0,22.0,20.0,43.0,23,0,65.0,0,Python,api
https://github.com/Mayank0255/Stackoverflow-Clone-Backend,9.0,0.0,23.0,34.0,1,0,113.0,5,JavaScript,api
https://github.com/oracle/nosql-python-sdk,0.0,2.0,10.0,7.0,3,6,135.0,4,Python,database
https://github.com/ml-tooling/best-of-web-python,0.0,0.0,96.0,1.4,28,63,116.0,8,Python,api
https://github.com/Advanced-SpringCloud/cloud-book,1.0,0.0,102.0,154.0,4,0,12.0,3,Java,security
https://github.com/amfoss/GitLit,1.0,2.0,11.0,416.0,3,0,107.0,6,Python,api
https://github.com/FinalTeam/RxGalleryFinal,141.0,9.0,510.0,2.8,3,1,263.0,7,Java,android
https://github.com/IvBaranov/MaterialFavoriteButton,3.0,0.0,94.0,590.0,2,6,41.0,0,Java,android
https://github.com/bergusman/tradingview-udf-binance-node,1.0,1.0,37.0,86.0,2,0,19.0,0,JavaScript,api
https://github.com/jonfinerty/Once,3.0,0.0,81.0,1.2,1,0,131.0,6,Java,android
https://github.com/PositiveGCP/DBAdmin,0.0,0.0,0.0,0.0,1,0,15.0,0,Python,database
https://github.com/grantwinney/pinboard-bookmarks-to-chrome,2.0,0.0,2.0,19.0,1,1,103.0,2,JavaScript,api
https://github.com/acontry/coinbasepro,6.0,1.0,14.0,38.0,2,1,71.0,4,Python,api
https://github.com/orhanobut/dialogplus,53.0,1.0,809.0,4.9,1,13,183.0,10,Java,android
https://github.com/DarknessFX/PongFX,0.0,0.0,1.0,10.0,1,2,33.0,0,Java,android
https://github.com/alan-turing-institute/sktime,287.0,74.0,777.0,5.0,120,20,2330.0,148,Python,machine-learning
https://github.com/shrebox/Privacy-and-Security-in-Online-Social-Media,0.0,1.0,4.0,18.0,1,0,10.0,3,Python,api
https://github.com/jacebrowning/memegen,9.0,1.0,146.0,823.0,7,0,1149.0,33,Python,api
https://github.com/aramis-lab/clinica,24.0,5.0,46.0,127.0,4,30,2933.0,23,Python,machine-learning
https://github.com/ChathuraHettiarachchi/CSnackBar,3.0,0.0,16.0,75.0,2,2,42.0,3,Java,android
https://github.com/jotyGill/privacy-fighter,1.0,0.0,0.0,17.0,2,8,228.0,0,Python,security
https://github.com/itsmaheshkariya/a1,0.0,0.0,0.0,2.0,2,1,32.0,0,JavaScript,api
https://github.com/SKVNDR/FastDork,0.0,0.0,15.0,63.0,1,0,10.0,0,JavaScript,security
https://github.com/duo-labs/EFIgy,3.0,0.0,35.0,498.0,1,0,36.0,5,Python,security
https://github.com/blanyal/Remindly,14.0,3.0,221.0,548.0,2,0,103.0,0,Java,android
https://github.com/zeek/zeek,76.0,7.0,1.0,4.3,750,105,12816.0,119,C++,security
https://github.com/bezkoder/node-express-mongodb,3.0,1.0,118.0,116.0,1,0,7.0,0,JavaScript,api
https://github.com/justinribeiro/speedometer-pwa,2.0,1.0,18.0,342.0,1,0,11.0,0,JavaScript,api
https://github.com/FrancoisFr/ARP_script,0.0,0.0,0.0,0.0,1,0,8.0,0,Python,security
https://github.com/Jimoh1993/AWS-Machine-Learning-Scholarship-Course,0.0,0.0,0.0,0.0,1,0,5.0,0,Python,machine-learning
https://github.com/SaiUpadhyayula/spring-reddit-clone,1.0,0.0,271.0,344.0,2,0,49.0,6,Java,security
https://github.com/didi/DoraemonKit,146.0,18.0,2.8,18.5,36,73,2167.0,84,Java,android
https://github.com/rey5137/material,209.0,10.0,1.4,6.0,3,10,280.0,6,Java,android
https://github.com/xinshuoweng/AB3DMOT,1.0,0.0,330.0,1.3,2,0,216.0,4,Python,machine-learning
https://github.com/amitshekhariitbhu/Android-Debug-Database,68.0,12.0,848.0,8.0,2,12,323.0,14,Java,database
https://github.com/rocketshipapps/hardenedpaste,0.0,0.0,3.0,30.0,1,3,25.0,0,JavaScript,security
https://github.com/twitterdev/postman-twitter-ads-api,2.0,1.0,11.0,27.0,4,5,37.0,2,JavaScript,api
https://github.com/utsanjan/FFSSDP-MITM,0.0,0.0,2.0,9.0,1,0,20.0,0,Python,android
https://github.com/superzackx/DevLunch,0.0,0.0,0.0,8.0,1,3,75.0,2,JavaScript,api
https://github.com/ashar367/Vehicle-detection-using-deep-learning-with-Tensorflow-and-Python,0.0,0.0,3.0,6.0,1,0,21.0,0,Python,machine-learning
https://github.com/HeZaiJin/SlantedTextView,1.0,0.0,334.0,2.2,2,0,28.0,3,Java,android
https://github.com/binstreamio/tvbus.android,3.0,0.0,33.0,67.0,1,8,13.0,2,Java,android
https://github.com/polyaxon/polyaxon-examples,0.0,2.0,24.0,61.0,4,0,122.0,9,Python,machine-learning
https://github.com/ranahanocka/MeshCNN,75.0,1.0,245.0,1.2,1,0,37.0,4,Python,machine-learning
https://github.com/jessekorzan/real-time-dashboard,0.0,0.0,13.0,53.0,1,0,28.0,0,JavaScript,api
https://github.com/r0adkll/Slidr,20.0,2.0,399.0,2.6,2,6,103.0,8,Java,android
https://github.com/mxstbr/micro-github,2.0,2.0,56.0,729.0,1,0,35.0,11,JavaScript,api
https://github.com/xyTom/Url-Shorten-Worker,7.0,0.0,340.0,570.0,2,0,23.0,6,JavaScript,api
https://github.com/writethesky/application.js,1.0,0.0,3.0,5.0,1,1,50.0,2,JavaScript,api
https://github.com/bitnami-labs/cabin,32.0,0.0,91.0,647.0,1,4,445.0,7,JavaScript,android
https://github.com/KxSystems/pyq,4.0,1.0,44.0,159.0,2,21,75.0,8,Python,database
https://github.com/ayushi7rawat/Youtube-Projects,0.0,6.0,194.0,310.0,1,0,220.0,8,Python,api
https://github.com/wkh237/react-native-fetch-blob,237.0,31.0,1.4,2.6,132,83,1196.0,51,JavaScript,android
https://github.com/mahmoud/glom,82.0,19.0,50.0,1.5,27,16,945.0,16,Python,api
https://github.com/plv8/plv8,66.0,3.0,112.0,1.4,12,48,465.0,32,C++,database
https://github.com/paypal/SeLion,23.0,5.0,239.0,263.0,10,5,345.0,19,Java,android
https://github.com/daringer/zwave-core,0.0,0.0,3.0,19.0,1,0,59.0,0,JavaScript,api
https://github.com/whiskyechobravo/kerko,0.0,1.0,22.0,150.0,2,10,356.0,2,Python,api
https://github.com/dzaytsev91/mygf-instagram,0.0,0.0,13.0,146.0,1,0,30.0,3,Python,api
https://github.com/keeweb/keeweb,290.0,1.0,953.0,10.8,6,128,3818.0,58,JavaScript,security
https://github.com/LorranSutter/PredictStock-SVM,0.0,0.0,4.0,6.0,2,0,50.0,0,Python,machine-learning
https://github.com/cdpierse/transformers-interpret,8.0,1.0,51.0,573.0,8,9,235.0,5,Python,machine-learning
https://github.com/centerofci/mathesar,238.0,8.0,33.0,63.0,13,0,3535.0,26,Python,api
https://github.com/obss/sahi,9.0,2.0,165.0,1.2,3,59,302.0,8,Python,machine-learning
https://github.com/BVLC/caffe,887.0,292.0,19.0,32.3,7,14,4156.0,269,C++,machine-learning
https://github.com/adnanrahic/securing-restful-apis-with-jwt,0.0,1.0,151.0,325.0,2,0,15.0,2,JavaScript,api
https://github.com/gokulkrishh/anonymous-web,3.0,0.0,8.0,28.0,6,0,92.0,2,JavaScript,database
https://github.com/VMDashboard/vmdashboard,7.0,0.0,38.0,60.0,1,1,2541.0,2,JavaScript,database
https://github.com/ManuCiao/ms_website,0.0,0.0,0.0,0.0,1,0,64.0,0,Python,database
https://github.com/evilbinary/myblog,0.0,1.0,77.0,125.0,2,0,220.0,23,Python,database
https://github.com/whoozle/android-file-transfer-linux,59.0,0.0,98.0,1.1,2,20,1587.0,29,C++,android
https://github.com/sagaragarwal94/python_rest_flask,1.0,1.0,197.0,170.0,1,0,14.0,2,Python,api
https://github.com/safe-graph/DGFraud,0.0,0.0,110.0,406.0,8,2,237.0,4,Python,machine-learning
https://github.com/jirawatee/FirebaseRealtimeDatabase-Android,2.0,0.0,50.0,80.0,1,0,34.0,0,Java,database
https://github.com/nic-delhi/AarogyaSetu_Android,299.0,148.0,1.5,2.9,3,0,129.0,6,Java,android
https://github.com/art049/odmantic,52.0,24.0,47.0,481.0,17,9,327.0,10,Python,api
https://github.com/arcbit/arcbit-android,6.0,1.0,22.0,35.0,1,10,68.0,2,Java,android
https://github.com/SmartDataAnalytics/HORUS-NER,22.0,0.0,5.0,50.0,4,0,348.0,8,Python,machine-learning
https://github.com/Shashank02051997/FancyFacebookBadge-Android,0.0,0.0,24.0,103.0,1,3,9.0,0,Java,android
https://github.com/JBKahn/django-sharding,30.0,1.0,46.0,195.0,3,11,115.0,11,Python,database
https://github.com/ipython-books/cookbook-2nd,2.0,0.0,222.0,782.0,1,0,42.0,4,Python,machine-learning
https://github.com/manjunath-satyamurthy/decision-trees-cancer-prediction-,0.0,0.0,3.0,4.0,1,0,4.0,0,Python,machine-learning
https://github.com/beemdevelopment/Aegis,54.0,6.0,168.0,3.0,5,44,1098.0,40,Java,android
https://github.com/SimonBlanke/Hyperactive,6.0,0.0,32.0,370.0,5,28,2070.0,4,Python,machine-learning
https://github.com/defaultnamehere/cookie_crimes,10.0,3.0,73.0,482.0,3,0,32.0,5,Python,security
https://github.com/quintuslabs/GroceryStore,3.0,0.0,31.0,49.0,1,0,16.0,2,Java,android
https://github.com/arifulhb/amazon-pa-api50,2.0,1.0,11.0,25.0,4,5,38.0,3,JavaScript,api
https://github.com/szerhusenBC/jwt-spring-security-demo,5.0,2.0,1.3,2.9,1,3,132.0,10,Java,security
https://github.com/cabinjs/sensitive-fields,0.0,0.0,2.0,16.0,1,9,32.0,3,JavaScript,security
https://github.com/jfilter/clean-text,3.0,0.0,51.0,547.0,1,8,82.0,2,Python,api
https://github.com/genfifth/cvopt,2.0,0.0,6.0,13.0,4,0,53.0,2,Python,machine-learning
https://github.com/Tencent/HaboMalHunter,6.0,0.0,223.0,668.0,3,2,39.0,4,Python,security
https://github.com/invertase/react-native-firebase,61.0,9.0,2.0,9.8,29,968,5118.0,400,JavaScript,database
https://github.com/krystianity/node-bitstamp,7.0,1.0,37.0,55.0,1,0,71.0,10,JavaScript,api
https://github.com/NisanurBulut/MythologyOfReactJs,0.0,0.0,1.0,13.0,7,26,425.0,0,JavaScript,api
https://github.com/kumuji/volumentations,0.0,13.0,2.0,26.0,17,9,112.0,3,Python,machine-learning
https://github.com/sendtion/XRichText,13.0,0.0,257.0,1.6,2,15,79.0,4,Java,android
https://github.com/0vercl0k/wtf,9.0,0.0,64.0,846.0,1,4,36.0,7,C++,api
https://github.com/EQuimper/youtube-makeanodejsapi,2.0,0.0,20.0,52.0,13,0,26.0,0,JavaScript,api
https://github.com/zellwk/zl-fetch,2.0,4.0,23.0,198.0,5,38,137.0,2,JavaScript,api
https://github.com/reljicd/spring-boot-blog,0.0,0.0,87.0,145.0,1,0,34.0,0,Java,database
https://github.com/alibaba/MNN,406.0,34.0,1.3,6.5,9,47,1170.0,63,C++,machine-learning
https://github.com/hantsy/spring-microservice-sample,0.0,2.0,100.0,246.0,3,0,172.0,4,Java,security
https://github.com/soumak77/firebase-mock,39.0,21.0,92.0,332.0,6,114,642.0,31,JavaScript,database
https://github.com/takahirom/material-element,2.0,0.0,39.0,245.0,2,0,77.0,0,Java,android
https://github.com/NativeScript/nativescript-cli,338.0,13.0,180.0,1.0,61,271,6333.0,99,JavaScript,android
https://github.com/arimorty/floatingsearchview,61.0,17.0,684.0,3.5,2,0,294.0,7,Java,android
https://github.com/lionheart/bottlenose,5.0,0.0,117.0,569.0,2,19,227.0,21,Python,api
https://github.com/xingchenxuanfeng/AddTryCatchPlugin,0.0,0.0,7.0,26.0,1,5,19.0,2,Java,android
https://github.com/fuzzuf/fuzzuf,5.0,3.0,17.0,244.0,5,3,266.0,8,C++,security
https://github.com/ginosian/Restaurant-Manager-Spring-Cloud,0.0,0.0,11.0,10.0,11,0,32.0,0,Java,database
https://github.com/microsoft/glTF-SDK,16.0,1.0,73.0,379.0,11,22,47.0,23,C++,android
https://github.com/marcosvidolin/doco,5.0,0.0,6.0,15.0,1,15,145.0,4,Java,api
https://github.com/RobertCraigie/prisma-client-py,95.0,7.0,17.0,501.0,22,18,514.0,8,Python,database
https://github.com/rovo89/Xposed,141.0,3.0,1.4,6.4,1,25,148.0,9,C++,android
https://github.com/DiegoVictor/github-profile-summary,0.0,3.0,3.0,19.0,4,1,80.0,2,JavaScript,api
https://github.com/BitInit/pnd,3.0,0.0,32.0,139.0,1,1,23.0,0,Java,database
https://github.com/ycd/manage-fastapi,3.0,3.0,46.0,601.0,10,13,201.0,6,Python,api
https://github.com/ebean-orm/ebean,26.0,10.0,235.0,1.3,10,334,5599.0,76,Java,database
https://github.com/igniterealtime/Smack,0.0,24.0,871.0,2.3,4,42,4840.0,78,Java,android
https://github.com/JaneJeon/objection-authorize,7.0,0.0,5.0,55.0,1,57,595.0,4,JavaScript,security
https://github.com/cleanunicorn/theo,2.0,4.0,76.0,214.0,14,30,119.0,0,Python,security
https://github.com/huihut/interview,4.0,2.0,6.3,22.5,1,0,364.0,22,C++,database
https://github.com/anouarbensaad/instagramBot,1.0,14.0,10.0,39.0,17,0,40.0,0,JavaScript,api
https://github.com/LukaszMalucha/Flask-Js-Survey,1.0,1.0,2.0,4.0,2,0,104.0,0,Python,api
https://github.com/huchenme/hacker-tab-extension,6.0,13.0,51.0,317.0,14,25,135.0,5,JavaScript,api
https://github.com/microg/GmsCore,719.0,28.0,539.0,4.5,1,38,1061.0,74,Java,android
https://github.com/fangjinuo/sqlhelper,1.0,9.0,61.0,273.0,10,53,1778.0,7,Java,database
https://github.com/kk7nc/Text_Classification,1.0,0.0,487.0,1.5,1,0,224.0,7,Python,machine-learning
https://github.com/marudy/react-native-responsive-screen,18.0,33.0,123.0,1.3,29,20,107.0,9,JavaScript,android
https://github.com/NVIDIA/DALI,151.0,20.0,482.0,3.7,45,128,2378.0,69,C++,machine-learning
https://github.com/duyet/pricetrack,9.0,64.0,36.0,88.0,66,1,787.0,5,JavaScript,api
https://github.com/toastdriven/restless,15.0,13.0,84.0,822.0,5,13,228.0,31,Python,api
https://github.com/BonnierNews/react-native-3d-model-view,15.0,14.0,34.0,146.0,20,0,113.0,2,Java,android
https://github.com/Skyscanner/cfripper,3.0,2.0,44.0,346.0,13,67,340.0,18,Python,security
https://github.com/restify/node-restify,77.0,24.0,1.0,10.4,70,151,1685.0,201,JavaScript,api
https://github.com/BeelanMX/Beelan-LoRaWAN,7.0,1.0,43.0,117.0,11,12,226.0,13,C++,api
https://github.com/pushtorefresh/storio,41.0,1.0,188.0,2.6,12,31,1073.0,19,Java,android
https://github.com/laactechnology/foxcross,0.0,0.0,0.0,23.0,5,10,184.0,0,Python,machine-learning
https://github.com/galio-org/galio,40.0,15.0,294.0,2.8,4,11,401.0,24,JavaScript,android
https://github.com/chathudan/EmojiEverywhere,0.0,0.0,10.0,27.0,1,0,7.0,0,Java,android
https://github.com/aakashno123/Mobile-phone-tracking-App,0.0,0.0,9.0,16.0,1,0,2.0,0,Java,android
https://github.com/yusufcakal/RestaurantApp,2.0,0.0,112.0,142.0,1,0,22.0,0,Java,android
https://github.com/dsoprea/GDriveFS,53.0,16.0,99.0,641.0,2,27,428.0,10,Python,api
https://github.com/grandrew/taskjuggler-python,5.0,4.0,2.0,33.0,6,0,56.0,2,Python,api
https://github.com/Manevolent/ts3j,13.0,0.0,13.0,79.0,1,6,196.0,4,Java,api
https://github.com/Taguar258/Raven-Storm,0.0,0.0,98.0,249.0,2,8,665.0,0,Python,security
https://github.com/nextapps-de/xone,0.0,1.0,4.0,18.0,2,1,58.0,0,JavaScript,android
https://github.com/Vonng/ddia,1.0,0.0,2.8,12.2,2,0,504.0,68,Python,database
https://github.com/ClaudiuGeorgiu/PlaystoreDownloader,13.0,0.0,154.0,889.0,1,6,126.0,7,Python,android
https://github.com/dolevf/Damn-Vulnerable-GraphQL-Application,2.0,2.0,111.0,943.0,1,9,96.0,3,JavaScript,security
https://github.com/Netflix-Skunkworks/sketchy,2.0,3.0,130.0,991.0,6,0,126.0,13,JavaScript,security
https://github.com/chrisleekr/binance-trading-bot,61.0,0.0,718.0,3.7,1,32,216.0,13,JavaScript,api
https://github.com/AlmasB/FXGL,102.0,1.0,331.0,2.5,2,53,4920.0,37,Java,android
https://github.com/cymcsg/UltimateAndroid,14.0,3.0,702.0,2.1,4,4,891.0,5,Java,android
https://github.com/GcsSloop/rclayout,21.0,0.0,310.0,2.0,1,0,50.0,3,Java,android
https://github.com/decalage2/ViperMonkey,63.0,3.0,180.0,843.0,1,0,1585.0,10,Python,security
https://github.com/google/lullaby,4.0,0.0,164.0,1.1,1,0,27.0,4,C++,android
https://github.com/optimatika/ojAlgo,0.0,0.0,192.0,373.0,6,39,1723.0,17,Java,machine-learning
https://github.com/FreeTAKTeam/FreeTakServer,95.0,0.0,85.0,211.0,8,24,635.0,19,Python,android
https://github.com/Masquerade-Circus/mongoose-history-plugin,10.0,12.0,18.0,39.0,11,12,44.0,9,JavaScript,database
https://github.com/marvinschopf/disable-page-visibility-api,2.0,0.0,4.0,13.0,1,2,26.0,0,JavaScript,api
https://github.com/fullstackreact/google-maps-react,259.0,30.0,772.0,1.6,2,0,395.0,75,JavaScript,api
https://github.com/githubharald/SimpleHTR,2.0,0.0,679.0,1.4,1,0,113.0,4,Python,machine-learning
https://github.com/JSWesterfield/IBM_Watson_Speech2Text_Application,0.0,0.0,0.0,0.0,1,0,8.0,0,JavaScript,api
https://github.com/akumuli/Akumuli,56.0,1.0,78.0,781.0,30,23,2362.0,15,C++,database
https://github.com/ZoneMinder/zmNinja,16.0,3.0,251.0,823.0,25,100,3302.0,27,JavaScript,machine-learning
https://github.com/shiguredo-webrtc-build/webrtc-build,0.0,1.0,50.0,115.0,22,146,544.0,7,Python,android
https://github.com/Tecatech/CTF-writeups,0.0,0.0,45.0,0.0,2,0,683.0,0,Python,security
https://github.com/rajasegar/starwars-ember,0.0,0.0,1.0,1.0,1,0,12.0,2,JavaScript,api
https://github.com/Devlight/InfiniteCycleViewPager,55.0,1.0,848.0,5.7,1,2,89.0,3,Java,android
https://github.com/sivadass/react-meeting-room,2.0,0.0,52.0,99.0,1,0,91.0,0,JavaScript,api
https://github.com/hdodenhof/CircleImageView,13.0,2.0,3.1,14.1,2,15,159.0,14,Java,android
https://github.com/Franck-Dernoncourt/NeuroNER,82.0,5.0,477.0,1.6,2,1,132.0,6,Python,machine-learning
https://github.com/klinker24/Android-DragDismissActivity,6.0,1.0,54.0,683.0,1,10,66.0,3,Java,android
https://github.com/aimi-cn/AILearners,1.0,0.0,117.0,295.0,1,0,289.0,8,Python,machine-learning
https://github.com/geftimov/android-pathview,8.0,0.0,518.0,2.9,1,2,82.0,10,Java,android
https://github.com/emmtte/Cryptocurrency-Portfolio,12.0,0.0,72.0,220.0,1,0,140.0,7,JavaScript,api
https://github.com/MaxLaumeister/bitlisten,12.0,1.0,107.0,269.0,3,8,161.0,3,JavaScript,api
https://github.com/ShaMan123/react-native-reanimated-canvas,6.0,0.0,346.0,23.0,9,1,504.0,0,Java,android
https://github.com/shekhar-raval/node-express-es8,0.0,11.0,9.0,18.0,13,0,57.0,2,JavaScript,api
https://github.com/leerob/Guesstimator,0.0,0.0,9.0,83.0,1,0,12.0,0,Python,api
https://github.com/HypixelDev/PublicAPI,7.0,1.0,158.0,426.0,2,3,367.0,45,Java,api
https://github.com/jaredrummler/MaterialSpinner,42.0,3.0,225.0,1.2,1,2,120.0,7,Java,android
https://github.com/isnifer/clisim,0.0,6.0,6.0,19.0,7,6,24.0,3,JavaScript,android
https://github.com/includeamin/COVID-19,0.0,1.0,1.0,12.0,2,0,52.0,0,Python,api
https://github.com/LockGit/Hacking,3.0,0.0,170.0,448.0,1,0,1784.0,0,Python,security
https://github.com/MpiloNtombela/MajorProject-Site,0.0,0.0,0.0,1.0,1,0,2.0,0,JavaScript,api
https://github.com/yujunhao8831/spring-boot-start-current,1.0,0.0,85.0,250.0,1,0,76.0,0,Java,security
https://github.com/lambdacasserole/avogadrio,9.0,7.0,10.0,264.0,8,0,154.0,3,JavaScript,api
https://github.com/termux/termux-app,247.0,16.0,1.6,11.1,4,89,1278.0,58,Java,android
https://github.com/react-native-picker/picker,119.0,5.0,170.0,877.0,15,367,360.0,101,JavaScript,android
https://github.com/lean-delivery/ansible-role-mysql,1.0,0.0,13.0,25.0,1,7,17.0,7,Python,database
https://github.com/juliuste/api.direkt.bahn.guru,2.0,0.0,0.0,4.0,1,0,33.0,0,JavaScript,api
https://github.com/smakosh/gatsby-starter-i18n,2.0,10.0,6.0,34.0,12,0,21.0,2,JavaScript,api
https://github.com/adbar/trafilatura,27.0,2.0,61.0,408.0,2,17,1214.0,14,Python,api
https://github.com/vchinnipilli/kubestriker,7.0,5.0,99.0,882.0,2,3,39.0,2,Python,security
https://github.com/ottogroup/palladium,3.0,3.0,57.0,480.0,9,12,343.0,10,Python,machine-learning
https://github.com/nikitakit/self-attentive-parser,30.0,2.0,135.0,690.0,1,3,99.0,0,Python,machine-learning
https://github.com/lnstadrum/beatmup,2.0,0.0,8.0,151.0,3,2,34.0,0,C++,android
https://github.com/tucan9389/awesome-ml-demos-with-ios,10.0,0.0,114.0,893.0,2,0,176.0,2,Python,machine-learning
https://github.com/fhsinchy/express-mongo-api-boilerplate,0.0,0.0,1.0,14.0,1,0,37.0,0,JavaScript,api
https://github.com/proyecto26/react-native-inappbrowser,34.0,6.0,134.0,861.0,7,21,361.0,35,Java,android
https://github.com/neo4j/neo4j-java-driver,2.0,7.0,141.0,264.0,17,123,2316.0,46,Java,database
https://github.com/google/filament,93.0,4.0,1.3,13.6,34,98,4605.0,95,C++,android
https://github.com/tambapps/P2P-File-Sharing,0.0,0.0,6.0,18.0,3,4,410.0,2,Java,android
https://github.com/marshmallow-code/flask-marshmallow,24.0,5.0,46.0,739.0,5,17,308.0,15,Python,api
https://github.com/florent37/MaterialTextField,28.0,0.0,250.0,1.5,1,1,43.0,6,Java,android
https://github.com/martincarrera/clash-royale-api,11.0,3.0,80.0,337.0,3,2,202.0,10,JavaScript,api
https://github.com/talkpython/web-applications-with-fastapi-course,0.0,0.0,138.0,213.0,1,0,64.0,2,Python,api
https://github.com/Robertvera/rent-manager,0.0,0.0,6.0,19.0,8,0,31.0,0,JavaScript,api
https://github.com/ziliwang/GoogleFreeTrans,0.0,0.0,14.0,20.0,1,2,23.0,0,Python,api
https://github.com/w3c/webappsec-trusted-types,20.0,0.0,57.0,481.0,4,0,408.0,25,JavaScript,security
https://github.com/LanpWeb/cryptofolio-web,0.0,4.0,0.0,3.0,10,0,284.0,4,JavaScript,api
https://github.com/takezoe/amateras-modeler,7.0,1.0,61.0,207.0,1,3,55.0,3,Java,database
https://github.com/riochr17/Analisis-Sentimen-ID,2.0,1.0,60.0,56.0,1,0,8.0,0,Python,machine-learning
https://github.com/sivakumar-kailasam/ember-purify,0.0,10.0,3.0,17.0,11,14,104.0,5,JavaScript,security
https://github.com/n4kz/react-native-material-dropdown,125.0,23.0,583.0,691.0,1,29,192.0,3,JavaScript,android
https://github.com/GeekyAnts/NativeBase-KitchenSink,30.0,20.0,792.0,2.2,28,21,259.0,9,JavaScript,android
https://github.com/iMerica/dj-rest-auth,108.0,15.0,169.0,857.0,22,51,835.0,108,Python,api
https://github.com/crisp-oss/chappe,0.0,0.0,1.0,59.0,2,21,292.0,0,JavaScript,api
https://github.com/gitrows/gitrows,12.0,3.0,6.0,166.0,3,26,172.0,6,JavaScript,database
https://github.com/yzcheng90/ms,1.0,0.0,87.0,197.0,1,0,41.0,2,Java,security
https://github.com/uber/petastorm,127.0,15.0,237.0,1.4,3,103,669.0,33,Python,machine-learning
https://github.com/BlackHC/tfpyth,3.0,1.0,98.0,597.0,1,0,11.0,0,Python,machine-learning
https://github.com/robinhood/spark,8.0,4.0,152.0,1.2,1,4,60.0,13,Java,android
https://github.com/seekhow/antd-pro-hapijs-user,0.0,0.0,6.0,11.0,1,0,10.0,0,JavaScript,api
https://github.com/stepanp/luna2d,0.0,0.0,11.0,27.0,2,2,808.0,2,C++,android
https://github.com/kimdj/OpenPOS,10.0,1.0,43.0,52.0,1,1,2.0,0,JavaScript,database
https://github.com/CHYbeta/cmsPoc,2.0,0.0,171.0,565.0,2,0,85.0,0,Python,security
https://github.com/jdb78/pytorch-forecasting,161.0,8.0,273.0,1.8,26,27,1174.0,25,Python,machine-learning
https://github.com/ghuecas/kdd99ml,0.0,0.0,4.0,4.0,1,0,24.0,2,Python,machine-learning
https://github.com/victor369basu/Real-time-stock-market-prediction,1.0,0.0,96.0,556.0,2,0,29.0,0,JavaScript,machine-learning
https://github.com/simbiose/Encryption,8.0,1.0,83.0,333.0,1,6,63.0,3,Java,android
https://github.com/astorfi/TensorFlow-World,1.0,2.0,433.0,4.5,1,1,672.0,7,Python,machine-learning
https://github.com/NadiKuts/react-native-pull-refresh,8.0,12.0,117.0,524.0,12,0,112.0,8,JavaScript,android
https://github.com/FuYaoDe/react-native-app-intro,60.0,24.0,533.0,3.2,2,1,96.0,11,JavaScript,android
https://github.com/m0rtem/CloudFail,15.0,7.0,370.0,1.5,3,0,78.0,7,Python,database
https://github.com/360matt-archives/UlityCore-v2,0.0,1.0,0.0,5.0,7,4,174.0,2,Java,api
https://github.com/ariya/hello-android,0.0,0.0,5.0,4.0,2,0,7.0,0,Java,android
https://github.com/zhengyima/GMM_Digital_Voice_Recognition,0.0,1.0,1.0,12.0,2,0,7.0,0,Python,machine-learning
https://github.com/arduino/Arduino-Science-Journal-Android,16.0,1.0,5.0,35.0,20,0,170.0,5,Java,api
https://github.com/flosell/trailscraper,20.0,1.0,29.0,497.0,46,12,613.0,6,Python,security
https://github.com/rek7/mXtract,1.0,0.0,91.0,531.0,1,2,90.0,5,C++,security
https://github.com/hydroshare/hydroshare,257.0,21.0,30.0,147.0,190,130,14690.0,42,Python,database
https://github.com/OmarAflak/Android-Camera2-Library,4.0,0.0,19.0,71.0,2,0,62.0,2,Java,api
https://github.com/uname-yang/pysnowball,8.0,0.0,153.0,458.0,1,4,33.0,3,Python,api
https://github.com/gaojiuli/toapi,5.0,4.0,236.0,3.2,4,4,462.0,8,Python,api
https://github.com/uk0/telethon_get_media,1.0,0.0,9.0,38.0,1,0,8.0,0,Python,api
https://github.com/harveybc/singularity,0.0,4.0,3.0,6.0,6,0,890.0,2,JavaScript,machine-learning
https://github.com/tiann/understand-plugin-framework,0.0,0.0,753.0,2.5,1,0,48.0,3,Java,android
https://github.com/jcbvm/ember-api-requests,0.0,0.0,0.0,12.0,1,12,58.0,2,JavaScript,api
https://github.com/ssnjr2002/stremio-gdrive,7.0,0.0,68.0,52.0,1,0,74.0,0,Python,api
https://github.com/zlxy9892/ml_code,2.0,0.0,53.0,92.0,1,0,37.0,0,Python,machine-learning
https://github.com/leesoh/yams,10.0,0.0,15.0,96.0,2,3,30.0,0,Python,security
https://github.com/werner-duvaud/muzero-general,36.0,8.0,431.0,1.7,2,0,129.0,15,Python,machine-learning
https://github.com/qaware/openapi-generator-for-spring,12.0,1.0,4.0,53.0,2,19,610.0,7,Java,api
https://github.com/qlaffont/fortnite-api,14.0,0.0,83.0,322.0,1,4,166.0,21,JavaScript,api
https://github.com/Bhupesh-V/tutorialdb,26.0,12.0,52.0,97.0,3,7,174.0,11,Python,api
https://github.com/Qihoo360/ArgusAPM,30.0,1.0,392.0,2.5,1,0,32.0,2,Java,android
https://github.com/hansonwang99/Spring-Boot-In-Action,4.0,14.0,1.5,4.2,15,0,34.0,2,Java,security
https://github.com/reneweb/react-native-tensorflow,19.0,3.0,59.0,354.0,3,0,154.0,3,Java,android
https://github.com/tangrams/harfbuzz-example,1.0,0.0,20.0,104.0,1,0,41.0,4,C++,api
https://github.com/avishayil/react-native-restart,3.0,2.0,126.0,710.0,3,17,155.0,26,Java,android
https://github.com/Genymobile/genymotion-device-web-player,0.0,0.0,3.0,10.0,1,4,20.0,0,JavaScript,android
https://github.com/orbitdb/orbit-db-cli,10.0,9.0,16.0,57.0,12,0,94.0,7,JavaScript,database
https://github.com/minivision-ai/Silent-Face-Anti-Spoofing,4.0,2.0,258.0,779.0,3,0,62.0,3,Python,android
https://github.com/vandium-io/vandium-node,7.0,10.0,31.0,380.0,18,44,673.0,10,JavaScript,api
https://github.com/JeffMv/json2csv-py3,0.0,0.0,102.0,1.0,5,1,63.0,0,Python,database
https://github.com/spotify/mobius,5.0,0.0,69.0,1.0,4,28,418.0,15,Java,android
https://github.com/CMU-Perceptual-Computing-Lab/openpose,130.0,8.0,7.0,23.5,3,15,692.0,92,C++,machine-learning
https://github.com/yrlu/irl-imitation,4.0,0.0,126.0,384.0,1,0,38.0,0,Python,machine-learning
https://github.com/plasticityai/magnitude,30.0,4.0,106.0,1.5,1,139,350.0,4,Python,machine-learning
https://github.com/manjillama/facial-recognition-python-django,0.0,0.0,60.0,79.0,1,0,6.0,0,Python,machine-learning
https://github.com/Rblp/Rblpapi,36.0,0.0,72.0,141.0,2,15,705.0,19,C++,api
https://github.com/Gabuardi/app-reservas-ulacit-ws,0.0,0.0,0.0,0.0,1,0,8.0,0,JavaScript,api
https://github.com/xenv/gushici,5.0,4.0,134.0,1.1,6,1,16.0,0,Java,api
https://github.com/ScottfreeLLC/AlphaPy,12.0,1.0,158.0,723.0,1,11,413.0,3,Python,machine-learning
https://github.com/tbruyelle/RxPermissions,82.0,10.0,1.3,10.3,3,20,228.0,22,Java,android
https://github.com/keras-team/keras-contrib,152.0,36.0,658.0,1.5,25,0,579.0,57,Python,machine-learning
https://github.com/the-road-to-react-with-firebase/react-redux-firebase-authentication,3.0,1.0,90.0,283.0,2,0,34.0,2,JavaScript,database
https://github.com/sammchardy/python-kucoin,42.0,4.0,125.0,264.0,5,18,240.0,11,Python,api
https://github.com/WoodProgrammer/KeyValueStore,0.0,0.0,1.0,3.0,2,0,24.0,2,C++,database
https://github.com/LeCoupa/awesome-cheatsheets,14.0,35.0,4.4,27.1,3,0,709.0,119,JavaScript,database
https://github.com/space-chat/space-chat,19.0,0.0,5.0,6.0,78,0,435.0,4,JavaScript,api
https://github.com/lijqhs/text-classification-cn,1.0,0.0,23.0,55.0,1,0,20.0,0,Python,machine-learning
https://github.com/Yalantis/Taurus,4.0,1.0,394.0,1.7,2,2,21.0,5,Java,android
https://github.com/NaturalIntelligence/fast-xml-parser,15.0,2.0,208.0,1.4,4,38,710.0,58,JavaScript,api
https://github.com/framaz/yet_another_pixel_draw,0.0,6.0,0.0,0.0,8,0,41.0,0,Python,api
https://github.com/ademilter/next-template,0.0,8.0,7.0,106.0,9,0,24.0,2,JavaScript,api
https://github.com/Rafostar/gnome-shell-extension-cast-to-tv,11.0,4.0,13.0,239.0,7,15,907.0,6,JavaScript,api
https://github.com/GIScience/openrouteservice-app,1.0,0.0,54.0,200.0,19,39,867.0,26,JavaScript,api
https://github.com/vibhasfl/express-mongoose-es8-rest-api,0.0,0.0,8.0,20.0,6,1,50.0,0,JavaScript,api
https://github.com/REBOOTERS/AndroidAnimationExercise,1.0,0.0,293.0,1.5,3,2,894.0,2,Java,android
https://github.com/uber-research/PPLM,20.0,2.0,161.0,858.0,2,0,59.0,7,Python,machine-learning
https://github.com/Tencent/tencent-ml-images,42.0,3.0,499.0,2.9,1,0,156.0,4,Python,database
https://github.com/openscoring/openscoring,3.0,0.0,169.0,562.0,4,46,595.0,0,Java,api
https://github.com/stylefeng/Guns,40.0,6.0,1.5,3.4,1,4,474.0,28,Java,api
https://github.com/BackendStack21/restana,0.0,0.0,26.0,375.0,3,60,481.0,12,JavaScript,api
https://github.com/jfkirk/tensorrec,35.0,4.0,222.0,1.2,3,33,334.0,5,Python,machine-learning
https://github.com/jgontrum/spacy-api-docker,15.0,5.0,86.0,242.0,4,0,114.0,14,Python,api
https://github.com/Saiprasad16/MapNoSQL,0.0,0.0,0.0,2.0,1,0,2.0,0,Python,database
https://github.com/CollaboraOnline/online,276.0,31.0,282.0,603.0,247,423,17636.0,157,JavaScript,android
https://github.com/ivopetiz/algotrading,8.0,1.0,110.0,526.0,4,0,195.0,3,Python,api
https://github.com/PurpleI2P/i2pd-qt,44.0,0.0,3.0,18.0,1,5,31.0,3,C++,security
https://github.com/xonsh/xonsh,265.0,8.0,536.0,5.5,11,107,10153.0,257,Python,api
https://github.com/nigel/DiscordStorage,0.0,0.0,13.0,64.0,1,0,17.0,2,Python,api
https://github.com/jrieke/year-on-github,0.0,0.0,6.0,120.0,2,0,178.0,2,Python,api
https://github.com/google/cameraview,148.0,32.0,1.1,4.7,1,0,80.0,16,Java,android
https://github.com/girishp92/Human-activity-recognition-using-Recurrent-Neural-Nets-RNN-LSTM-and-Tensorflow-on-Smartphones,1.0,0.0,35.0,64.0,1,0,8.0,0,Python,machine-learning
https://github.com/bhavin-prajapati/react-redux-node-auth-starter,0.0,0.0,11.0,30.0,1,0,69.0,0,JavaScript,database
https://github.com/microsoft/AirSim-NeurIPS2019-Drone-Racing,26.0,1.0,77.0,273.0,2,16,113.0,7,Python,machine-learning
https://github.com/purang-fintech/seppb,0.0,0.0,49.0,124.0,1,3,77.0,3,Java,database
https://github.com/Automattic/google-docs-add-on,43.0,3.0,20.0,143.0,5,10,149.0,3,JavaScript,api
https://github.com/secdev/scapy,40.0,40.0,1.6,7.1,1,525,5916.0,313,Python,security
https://github.com/ziad-saab/node-express-reddit-clone,0.0,11.0,61.0,26.0,3,0,33.0,3,JavaScript,api
https://github.com/marklogic-community/marklogic-healthcare-starter-kit,1.0,1.0,0.0,1.0,16,1,4.0,0,JavaScript,database
https://github.com/laughingman7743/PyAthena,21.0,4.0,64.0,351.0,5,55,607.0,13,Python,api
https://github.com/ibis-project/ibis,79.0,15.0,311.0,1.7,6,30,2085.0,88,Python,database
https://github.com/SamuelWitke/Partify,5.0,1.0,4.0,36.0,4,0,141.0,2,JavaScript,api
https://github.com/krzjoa/sciquence,0.0,0.0,2.0,5.0,1,0,194.0,0,Python,machine-learning
https://github.com/simov/grant,18.0,1.0,238.0,3.6,1,92,1164.0,50,JavaScript,api
https://github.com/theashwin/automator,0.0,0.0,21.0,17.0,1,0,46.0,0,Java,database
https://github.com/hypery2k/nativescript-fabric,7.0,5.0,13.0,29.0,8,20,254.0,4,JavaScript,android
https://github.com/lukeliasi/binance-dca-bot,5.0,2.0,36.0,139.0,2,0,59.0,4,JavaScript,api
https://github.com/charu29/Hackathon-5.0,0.0,0.0,0.0,1.0,1,0,5.0,0,Java,android
https://github.com/apache/shardingsphere-elasticjob,108.0,5.0,3.1,7.4,4,28,2203.0,90,Java,database
https://github.com/greyli/apiflask,18.0,0.0,47.0,401.0,1,17,656.0,12,Python,api
https://github.com/marcosvbras/flask-movies,0.0,4.0,2.0,1.0,5,0,7.0,0,Python,api
https://github.com/Doikki/DKVideoPlayer,31.0,1.0,855.0,3.9,2,54,494.0,4,Java,android
https://github.com/MaBeuLux88/java-spring-boot-mongodb-starter,3.0,0.0,30.0,55.0,1,0,23.0,0,Java,api
https://github.com/microsoft/CNTK,753.0,83.0,4.4,17.1,1069,39,16116.0,201,C++,machine-learning
https://github.com/Asthriona/Yukiko,0.0,1.0,15.0,148.0,2,0,661.0,4,JavaScript,database
https://github.com/bezkoder/nodejs-express-mysql,1.0,1.0,194.0,280.0,1,0,3.0,0,JavaScript,api
https://github.com/orchest/orchest,92.0,10.0,127.0,1.9,26,105,4511.0,18,Python,machine-learning
https://github.com/Anuken/Mindustry,0.0,137.0,1.9,14.1,1,134,12926.0,421,Java,android
https://github.com/ipfs-shipyard/gomobile-ipfs,26.0,14.0,49.0,192.0,9,17,234.0,10,Java,android
https://github.com/kevinhowbrook/wagtail-jotform,2.0,0.0,1.0,1.0,5,0,23.0,3,Python,api
https://github.com/pedromassango/Programmers,0.0,0.0,2.0,8.0,2,0,42.0,0,Java,database
https://github.com/cmu-db/dbdb.io,12.0,7.0,19.0,253.0,29,0,333.0,5,JavaScript,database
https://github.com/ConsenSys/mythril,75.0,0.0,465.0,2.2,138,134,4693.0,65,Python,security
https://github.com/tecdrop/pwa-display-test,0.0,0.0,1.0,16.0,1,0,38.0,0,JavaScript,android
https://github.com/madelinegannon/example-mediapipe-udp,9.0,0.0,24.0,262.0,1,0,18.0,2,C++,machine-learning
https://github.com/ww-tech/primrose,28.0,1.0,7.0,34.0,63,6,315.0,11,Python,machine-learning
https://github.com/ifinver/FinEngine,0.0,0.0,15.0,40.0,2,0,215.0,0,C++,android
https://github.com/pyhackertarget/hackertarget,0.0,0.0,101.0,358.0,3,6,29.0,3,Python,security
https://github.com/keystone-engine/keystone,173.0,11.0,375.0,1.7,4,6,763.0,71,C++,security
https://github.com/objectbox/objectbox-java,140.0,1.0,280.0,4.0,5,34,1557.0,5,Java,database
https://github.com/liumapp/spring-security-mybatis-demo,0.0,0.0,11.0,48.0,1,1,56.0,2,Java,security
https://github.com/upgundecha/howtheysre,4.0,0.0,504.0,7.2,3,0,240.0,30,JavaScript,security
https://github.com/ember-weekend/ember-weekend-admin,0.0,0.0,0.0,1.0,1,0,78.0,2,JavaScript,api
https://github.com/ZFPSystems/zaproxy-automation,1.0,0.0,4.0,15.0,1,0,4.0,2,Python,security
https://github.com/biocross/Librarian,0.0,7.0,6.0,35.0,7,2,105.0,2,JavaScript,android
https://github.com/hasnat/trigger-sonar-scanner,1.0,0.0,2.0,0.0,1,0,18.0,0,Java,api
https://github.com/ReyKoxha/nodebb-webview,0.0,0.0,29.0,65.0,1,3,44.0,0,Java,android
https://github.com/zhengyima/mnist-classification,0.0,0.0,71.0,184.0,1,0,14.0,0,Python,machine-learning
https://github.com/VIDA-NYU/filesdb,5.0,0.0,0.0,5.0,2,0,44.0,0,Python,api
https://github.com/hendraanggrian/collapsingtoolbarlayout-subtitle,11.0,0.0,50.0,265.0,3,0,153.0,2,Java,android
https://github.com/jirawatee/CloudFirestore-Android,0.0,0.0,10.0,43.0,1,0,19.0,0,Java,android
https://github.com/GCX-HCI/tray,35.0,1.0,284.0,2.3,2,10,319.0,11,Java,android
https://github.com/davisidarta/topometry,1.0,0.0,1.0,35.0,2,1,193.0,2,Python,machine-learning
https://github.com/Ge0rg3/requests-ip-rotator,8.0,2.0,35.0,239.0,1,1,29.0,3,Python,api
https://github.com/public-apis/public-apis,3.0,10.0,21.0,182.0,1,0,4458.0,1252,Python,api
https://github.com/stavros0/bitcoin-price-prediction,1.0,0.0,112.0,251.0,1,0,12.0,2,Python,machine-learning
https://github.com/auvipy/django-sqlalchemy,19.0,0.0,3.0,93.0,1,0,163.0,2,Python,api
https://github.com/disease-sh/API,7.0,4.0,649.0,2.4,6,0,2032.0,72,JavaScript,api
https://github.com/markoshorro/look-around,2.0,1.0,0.0,2.0,2,3,88.0,3,Java,api
https://github.com/hellokoding/hellokoding-courses,9.0,7.0,2.1,576.0,4,0,322.0,0,Java,security
https://github.com/wysaid/android-gpuimage-plus,301.0,3.0,437.0,1.6,9,2,442.0,7,C++,android
https://github.com/nativescript-vue/nativescript-vue,165.0,7.0,227.0,4.8,36,97,777.0,45,JavaScript,android
https://github.com/OlafenwaMoses/ImageAI,246.0,24.0,1.9,6.9,4,14,292.0,12,Python,machine-learning
https://github.com/Gear61/SQLPractice,7.0,0.0,20.0,68.0,1,0,108.0,4,Java,android
https://github.com/ionescu007/Simpleator,4.0,0.0,41.0,285.0,1,0,5.0,0,C++,security
https://github.com/tcxiaotudou/NewsApp,0.0,0.0,6.0,11.0,1,0,18.0,0,JavaScript,android
https://github.com/strapi/strapi-docker,41.0,5.0,434.0,1.0,2,15,177.0,34,JavaScript,api
https://github.com/AdityaKumawat97/react-e-commerce-website,2.0,6.0,53.0,70.0,7,0,81.0,0,JavaScript,database
https://github.com/online-judge-tools/oj,14.0,0.0,68.0,673.0,3,61,1801.0,29,Python,api
https://github.com/alstn2468/redux-todo-web-backend,0.0,2.0,3.0,4.0,3,0,66.0,2,Python,api
https://github.com/iTXTech/Daedalus,12.0,0.0,201.0,1.3,2,20,340.0,5,Java,android
https://github.com/usc-isi-i2/Web-Karma,21.0,15.0,192.0,527.0,57,30,4276.0,35,Java,database
https://github.com/h2database/h2database,294.0,19.0,1.0,3.2,3,29,13848.0,136,Java,database
https://github.com/geduldig/TwitterAPI,0.0,1.0,254.0,840.0,2,33,393.0,30,Python,api
https://github.com/affialtes/slack,0.0,0.0,423.0,0.0,109,0,2046.0,0,JavaScript,android
https://github.com/ManbangGroup/Phantom,10.0,0.0,178.0,1.3,1,1,39.0,2,Java,android
https://github.com/imbudhiraja/express-boilerplate,0.0,0.0,24.0,77.0,1,0,56.0,2,JavaScript,api
https://github.com/rwieruch/node-express-server-rest-api,2.0,0.0,93.0,80.0,8,0,25.0,0,JavaScript,api
https://github.com/Tencent/ncnn,608.0,26.0,3.3,13.8,1,31,2434.0,199,C++,android
https://github.com/HongZhaoHua/jstarcraft-ai,1.0,4.0,46.0,182.0,6,0,633.0,0,Java,machine-learning
https://github.com/rollbar/pyrollbar,35.0,8.0,116.0,187.0,5,89,948.0,72,Python,api
https://github.com/risan/intro-to-machine-learning,0.0,0.0,4.0,5.0,1,0,40.0,0,Python,machine-learning
https://github.com/python-botogram/botogram,16.0,16.0,26.0,112.0,14,15,527.0,17,Python,api
https://github.com/cyberboysumanjay/GaanaAPI,4.0,0.0,49.0,69.0,1,0,21.0,2,Python,api
https://github.com/Jay-Goo/RangeSeekBar,34.0,3.0,332.0,2.1,2,19,157.0,5,Java,android
https://github.com/s4w3d0ff/python-poloniex,10.0,1.0,176.0,566.0,2,35,564.0,15,Python,api
https://github.com/ludwig-ai/ludwig,161.0,26.0,973.0,8.2,39,22,2415.0,110,Python,machine-learning
https://github.com/sgermosen/Denunciado,11.0,1.0,184.0,208.0,5,0,30.0,2,JavaScript,api
https://github.com/ScriptSmith/socialreaper,0.0,1.0,86.0,412.0,2,0,83.0,0,Python,api
https://github.com/Saluki/eslint-workshop-2020,0.0,2.0,0.0,1.0,3,0,11.0,2,JavaScript,security
https://github.com/GrenderG/Toasty,39.0,3.0,804.0,6.3,1,19,176.0,18,Java,android
https://github.com/gvinciguerra/PyGM,0.0,1.0,6.0,169.0,1,3,62.0,0,Python,machine-learning
https://github.com/PokeAPI/pokeapi,48.0,2.0,690.0,2.8,4,4,832.0,65,Python,api
https://github.com/altosaar/variational-autoencoder,1.0,0.0,238.0,951.0,2,1,58.0,5,Python,machine-learning
https://github.com/M-Media-Group/Covid-19-API,2.0,0.0,23.0,383.0,2,0,86.0,4,Python,api
https://github.com/amitshekhariitbhu/GlideBitmapPool,3.0,2.0,93.0,560.0,2,1,56.0,2,Java,android
https://github.com/htdangkhoa/pure-http,0.0,12.0,8.0,160.0,15,40,173.0,3,JavaScript,api
https://github.com/RikkaApps/Riru,1.0,0.0,406.0,3.8,1,78,524.0,18,C++,android
https://github.com/juliosueiras/nativescript-app-shortcut-demo,0.0,0.0,0.0,1.0,1,0,12.0,0,JavaScript,android
https://github.com/orifmilod/iCinema,2.0,0.0,39.0,89.0,2,0,81.0,2,JavaScript,api
https://github.com/peterchenhdu/webbf,4.0,0.0,206.0,364.0,4,2,81.0,2,JavaScript,api
https://github.com/parse-community/Parse-SDK-Android,111.0,1.0,753.0,1.8,2,62,570.0,53,Java,android
https://github.com/dherault/serverless-offline,218.0,44.0,684.0,4.4,6,257,2942.0,217,JavaScript,api
https://github.com/AmanoTeam/UnalixAndroid,0.0,0.0,0.0,7.0,3,8,106.0,2,Java,android
https://github.com/f2prateek/dart,43.0,5.0,92.0,1.2,22,25,334.0,20,Java,android
https://github.com/michaelcontento/redux-storage,3.0,0.0,52.0,679.0,1,35,221.0,19,JavaScript,database
https://github.com/outlandishideas/kasia,10.0,0.0,15.0,220.0,4,2,283.0,5,JavaScript,api
https://github.com/Esri/c-through,2.0,0.0,35.0,31.0,1,0,25.0,3,JavaScript,api
https://github.com/Project-Splinter/MonoPort,8.0,0.0,71.0,417.0,3,0,50.0,2,Python,machine-learning
https://github.com/n4kz/react-native-indicators,6.0,4.0,116.0,777.0,1,23,150.0,0,JavaScript,android
https://github.com/bitdust-io/public,0.0,1.0,3.0,18.0,2,0,217.0,2,Python,api
https://github.com/VKCOM/vk-java-sdk,64.0,8.0,143.0,267.0,1,43,543.0,23,Java,api
https://github.com/Netflix/hubcommander,9.0,3.0,157.0,1.2,2,5,176.0,23,Python,security
https://github.com/iotaledger/iota.py,33.0,8.0,135.0,351.0,9,33,992.0,30,Python,api
https://github.com/pac4j/jee-pac4j,0.0,0.0,20.0,39.0,9,28,360.0,6,Java,security
https://github.com/gsurma/twitter_data_parser,0.0,0.0,2.0,16.0,1,0,7.0,0,Python,machine-learning
https://github.com/LewisArdern/bXSS,9.0,0.0,62.0,361.0,3,0,146.0,6,JavaScript,security
https://github.com/asLody/SandHook,37.0,7.0,334.0,1.5,14,8,498.0,6,Java,android
https://github.com/Swagger2Markup/swagger2markup,74.0,0.0,378.0,2.3,8,36,907.0,51,Java,api
https://github.com/craigmichaelmartin/pure-orm,0.0,1.0,38.0,335.0,7,41,137.0,3,JavaScript,database
https://github.com/aahnik/webhook-aiogram-heroku,0.0,0.0,21.0,36.0,1,0,42.0,2,Python,api
https://github.com/Karumi/KataScreenshotAndroid,1.0,2.0,99.0,271.0,2,0,12.0,2,Java,android
https://github.com/mikeckennedy/mongodb-quickstart-course,0.0,0.0,244.0,260.0,9,0,31.0,0,Python,database
https://github.com/mosra/magnum-integration,5.0,2.0,41.0,75.0,3,16,973.0,26,C++,android
https://github.com/Patchett/CryptoBuddy,3.0,0.0,56.0,89.0,3,18,244.0,2,Java,android
https://github.com/liangl1412/react-native-emoji-keyboard,12.0,3.0,22.0,47.0,3,0,29.0,3,JavaScript,android
https://github.com/sqlitebrowser/sqlitebrowser,522.0,7.0,1.8,16.1,15,40,3698.0,128,C++,database
https://github.com/csepulv/auth-api-demo,1.0,20.0,38.0,142.0,21,0,11.0,0,JavaScript,api
https://github.com/comic/evalutils,7.0,1.0,6.0,16.0,4,23,598.0,8,Python,machine-learning
https://github.com/patrickfav/uber-apk-signer,4.0,0.0,123.0,944.0,2,16,129.0,4,Java,android
https://github.com/shaojason999/mitigate_arp_spoofing,0.0,0.0,0.0,2.0,1,0,23.0,0,Python,security
https://github.com/Covid19-GraphQL/covid-graph-graphql,3.0,24.0,4.0,21.0,26,0,123.0,2,JavaScript,api
https://github.com/eliasdabbas/advertools,1.0,1.0,129.0,537.0,15,32,1113.0,3,Python,api
https://github.com/eidottermihi/rpicheck,33.0,1.0,66.0,256.0,5,30,624.0,18,Java,android
https://github.com/zenml-io/zenml,8.0,6.0,116.0,1.7,24,47,4268.0,25,Python,machine-learning
https://github.com/linchupeng/YourWeather,0.0,0.0,30.0,104.0,1,0,39.0,0,Java,android
https://github.com/fendouai/Awesome-TensorFlow-Chinese,0.0,0.0,329.0,1.3,1,0,15.0,0,Python,machine-learning
https://github.com/tarek360/Instacapture,11.0,2.0,113.0,690.0,6,15,58.0,4,Java,android
https://github.com/shahwaiz90/AndroidEmojiFeedbackLibrary,0.0,0.0,2.0,3.0,1,1,10.0,0,Java,android
https://github.com/mbadry1/Top-Deep-Learning,2.0,1.0,407.0,1.5,1,0,29.0,0,Python,machine-learning
https://github.com/async-labs/builderbook,4.0,62.0,737.0,3.1,63,2,536.0,17,JavaScript,api
https://github.com/sberbank-ai-lab/LightAutoML,16.0,7.0,85.0,715.0,28,3,488.0,12,Python,machine-learning
https://github.com/the-road-to-learn-react/react-firebase-chat,0.0,2.0,15.0,54.0,67,0,26.0,3,JavaScript,database
https://github.com/Remper/sociallink,1.0,0.0,3.0,16.0,3,10,143.0,2,Java,machine-learning
https://github.com/luvi/botstarter,0.0,1.0,0.0,15.0,2,0,9.0,2,JavaScript,api
https://github.com/cybercussion/SCOBot,0.0,0.0,32.0,144.0,1,29,591.0,3,JavaScript,api
https://github.com/okfn-brasil/serenata-de-amor,52.0,20.0,694.0,4.4,28,1,2364.0,102,Python,machine-learning
https://github.com/rnd-ash/W203-canbus,1.0,0.0,8.0,63.0,3,0,75.0,0,C++,android
https://github.com/simov/purest,0.0,0.0,25.0,490.0,3,23,675.0,3,JavaScript,api
https://github.com/n1nj4sec/pupy,155.0,11.0,1.7,6.9,5,1,3488.0,34,Python,android
https://github.com/ammarahm-ed/react-native-mmkv-storage,10.0,1.0,61.0,819.0,14,40,705.0,26,C++,database
https://github.com/nikhilmuz/WhatsApp-Bulk-Sender,7.0,1.0,96.0,176.0,4,0,69.0,0,Java,api
https://github.com/shreyamalogi/REST-API,0.0,0.0,0.0,6.0,1,0,5.0,0,JavaScript,database
https://github.com/jianjunxiao/NiceVieoPlayer,101.0,2.0,472.0,2.1,1,12,115.0,0,Java,android
https://github.com/dyazincahya/covid19-info-android-apps,0.0,0.0,2.0,2.0,3,3,38.0,2,JavaScript,android
https://github.com/crflynn/skranger,4.0,4.0,4.0,32.0,4,12,98.0,4,Python,machine-learning
https://github.com/Xtremilicious/projectlearn-project-based-learning,4.0,6.0,114.0,1.1,10,0,179.0,12,JavaScript,machine-learning
https://github.com/online-ml/river,8.0,0.0,354.0,3.2,2,20,3260.0,69,Python,machine-learning
https://github.com/rtlee9/serveit,1.0,3.0,0.0,34.0,5,6,126.0,2,Python,machine-learning
https://github.com/HHousen/DocSum,0.0,0.0,9.0,56.0,1,0,22.0,0,Python,machine-learning
https://github.com/crisdosyago/Viewfinder,4.0,3.0,143.0,1.5,4,31,232.0,0,JavaScript,security
https://github.com/Omaroid/Covid-19-API,2.0,2.0,10.0,59.0,3,0,65.0,0,Python,api
https://github.com/youlookwhat/CloudReader,5.0,0.0,1.3,4.6,4,35,908.0,0,Java,android
https://github.com/zeroc0d3/deploy-laravel,0.0,0.0,3.0,11.0,4,5,25.0,0,Python,api
https://github.com/microsoft/nlp-recipes,61.0,2.0,853.0,5.8,83,7,2241.0,38,Python,machine-learning
https://github.com/franmontiel/LocaleChanger,3.0,0.0,23.0,110.0,1,5,37.0,0,Java,android
https://github.com/oussamabonnor1/JetStory,0.0,0.0,7.0,20.0,1,0,145.0,4,Java,api
https://github.com/swapagarwal/mediumship,4.0,8.0,71.0,559.0,1,0,54.0,7,JavaScript,api
https://github.com/RubensZimbres/Repo-2016,0.0,0.0,120.0,106.0,3,0,195.0,0,Python,machine-learning
https://github.com/zerobranch/SwipeLayout,5.0,0.0,28.0,192.0,1,8,102.0,0,Java,android
https://github.com/psycopg/psycopg,19.0,3.0,53.0,613.0,7,20,1892.0,20,Python,database
https://github.com/eventsourcing/es4j,10.0,3.0,27.0,406.0,4,19,653.0,7,Java,database
https://github.com/chat21/chat21-android-demo,14.0,0.0,56.0,58.0,4,0,134.0,3,Java,android
https://github.com/elyselam/Etherscan-ML,1.0,0.0,24.0,87.0,1,0,20.0,0,Python,machine-learning
https://github.com/remychantenay/Firebucket,2.0,0.0,47.0,376.0,2,0,22.0,0,Java,android
https://github.com/Jack-Cherish/Machine-Learning,1.0,2.0,4.3,5.8,1,0,173.0,5,Python,machine-learning
https://github.com/csv2db/csv2db,10.0,4.0,16.0,115.0,4,11,110.0,2,Python,database
https://github.com/KCarretto/Arsenal,7.0,3.0,35.0,103.0,7,0,478.0,5,Python,api
https://github.com/megadix/orientdb-spring-samples,0.0,0.0,1.0,3.0,1,0,1.0,0,Java,database
https://github.com/nicolargo/glances,217.0,0.0,1.3,20.1,26,87,4239.0,135,Python,api
https://github.com/jirawatee/FirebaseAuth-Android,3.0,0.0,53.0,80.0,1,0,44.0,0,Java,android
https://github.com/aldenml/libtorrent4j,3.0,0.0,22.0,92.0,2,29,166.0,4,C++,android
https://github.com/explosion/spacy-streamlit,2.0,0.0,81.0,514.0,2,9,66.0,11,Python,machine-learning
https://github.com/sinedied/azure-swag,0.0,0.0,7.0,10.0,2,0,38.0,2,JavaScript,api
https://github.com/detroitenglish/pw-pwnage-cfworker,0.0,0.0,11.0,138.0,1,0,89.0,2,JavaScript,security
https://github.com/automenta/spimedb,3.0,0.0,5.0,16.0,1,0,414.0,4,Java,database
https://github.com/coderaiser/cloudcmd,14.0,1.0,240.0,1.5,18,398,9024.0,25,JavaScript,android
https://github.com/quintuslabs/Kidzz,0.0,0.0,8.0,13.0,1,0,4.0,2,Java,android
https://github.com/PokeAPI/pokeapi.co,1.0,5.0,34.0,66.0,6,0,266.0,25,JavaScript,api
https://github.com/WrathChaos/react-native-easy-state-view,1.0,0.0,3.0,17.0,3,7,95.0,3,Java,android
https://github.com/pywinauto/pywinauto,373.0,8.0,558.0,3.3,11,33,3052.0,74,Python,api
https://github.com/Cornutum/tcases,3.0,0.0,44.0,137.0,2,38,928.0,4,Java,api
https://github.com/LongxingTan/Time-series-prediction,9.0,0.0,118.0,528.0,1,0,17.0,2,Python,machine-learning
https://github.com/michaelhelmick/django-balancer,5.0,0.0,6.0,111.0,3,5,60.0,3,Python,database
https://github.com/florent37/GlidePalette,6.0,0.0,230.0,1.7,2,2,63.0,8,Java,android
https://github.com/subho406/OmniNet,4.0,0.0,61.0,477.0,2,0,21.0,3,Python,machine-learning
https://github.com/sushant10/HQ_Bot,108.0,1.0,94.0,167.0,1,0,101.0,5,Python,api
https://github.com/ognjengt/build-express-api,1.0,0.0,10.0,48.0,1,0,83.0,2,JavaScript,api
https://github.com/LiqiNew/MyUtils,1.0,1.0,50.0,142.0,2,11,21.0,0,Java,android
https://github.com/LoomDev/Loom,1.0,2.0,3.0,37.0,33,0,261.0,4,Java,api
https://github.com/jaredrummler/AnimatedSvgView,4.0,0.0,245.0,1.9,1,0,58.0,2,Java,android
https://github.com/michael-rapp/ChromeLikeTabSwitcher,9.0,0.0,144.0,1.2,36,33,1278.0,3,Java,android
https://github.com/gokhanettin/driverless-rccar,8.0,1.0,30.0,48.0,3,0,31.0,0,Java,android
https://github.com/pytorch/audio,125.0,35.0,390.0,1.6,36,51,1356.0,158,Python,machine-learning
https://github.com/BloodAxe/pytorch-toolbelt,5.0,0.0,92.0,1.2,2,21,824.0,6,Python,machine-learning
https://github.com/alibaba/fastjson,1.7,133.0,6.4,24.1,21,132,3939.0,176,Java,android
https://github.com/mitjafelicijan/redis-marshal,0.0,0.0,0.0,17.0,2,0,41.0,0,Python,database
https://github.com/VirgilSecurity/demo-firebase-android,1.0,0.0,15.0,37.0,7,0,44.0,3,Java,android
https://github.com/SequoiaDB/SequoiaDB,18.0,7.0,106.0,264.0,8,0,151.0,0,C++,database
https://github.com/elchito/neutron-api-arista,0.0,0.0,0.0,1.0,1,0,20.0,2,Python,api
https://github.com/SCHKN/gitfront,5.0,0.0,3.0,5.0,1,0,44.0,0,JavaScript,api
https://github.com/Nicholas-Lin/vibe,0.0,3.0,2.0,74.0,7,0,85.0,2,JavaScript,api
https://github.com/rest-assured/rest-assured,433.0,17.0,1.6,5.7,14,69,2094.0,115,Java,api
https://github.com/Philipinho/CoinGecko-Java,1.0,1.0,62.0,96.0,1,0,66.0,6,Java,api
https://github.com/dell/dellemc-openmanage-ansible-modules,48.0,3.0,118.0,209.0,6,54,432.0,17,Python,api
https://github.com/MONEI/Shopify-api-node,22.0,0.0,236.0,804.0,3,87,782.0,82,JavaScript,api
https://github.com/MikeFot/Android--Library-Country-Flags,3.0,0.0,3.0,23.0,1,1,6.0,0,Java,android
https://github.com/A-Soul-Database/A-Soul-Database,1.0,0.0,18.0,142.0,4,34,390.0,8,Python,database
https://github.com/MedPoints/api,4.0,13.0,0.0,194.0,15,0,208.0,4,JavaScript,api
https://github.com/siketyan/SilicaGel,4.0,0.0,2.0,17.0,2,11,141.0,4,Java,android
https://github.com/ehmicky/global-cache-dir,0.0,0.0,1.0,3.0,1,6,319.0,2,JavaScript,android
https://github.com/adnanrahic/nodejs-restful-api,3.0,2.0,164.0,305.0,4,0,17.0,2,JavaScript,api
https://github.com/tiann/epic,0.0,0.0,673.0,3.6,3,6,129.0,9,Java,android
https://github.com/knime/knime-core,0.0,0.0,103.0,362.0,116,129,18160.0,35,Java,machine-learning
https://github.com/pizzaql/pizzaql,0.0,0.0,68.0,653.0,1,4,522.0,2,JavaScript,database
